date,condo_id,image_id,icloud_album_name,image_filename,photographer,view_angle,distance_category,lighting,background,crab_in_frame_count,crab_position,motion_blur,sex,known_molt_phase,days_until_molt_if_known,molt_event_date,app_estimated_days_to_molt,app_phase,app_confidence,human_confidence,shell_condition_notes,limb_loss_or_injury,notes,review_status,view_angle_label_source,view_angle_model,view_angle_confidence,sex_label_source,sex_model,app_molt_model,detector_model,raw_detection_count,filtered_detection_count,primary_bbox_confidence,primary_bbox_area_pct,primary_bbox_aspect
2026-05-29,blue_cooler,2026-05-29_blue_cooler_IMG_2524,local:data/raw/Green Crab AI 2026,IMG_2524.jpeg,Grace Welles; Gabriela Bradt,unknown,unknown,shade,hand,partial,unknown,none,male,unknown,,,,unknown,low,unknown,,,No filtered YOLO crab detection; molt estimate not run. View angle is provisional; repo has no side-view classifier.,new,orientation_classifier_low_confidence_or_uncertain,ViT-B/16 ImageNet features + LogisticRegression on data/sam3_orientation; side is a bbox-aspect heuristic,0.9913,user_field_note_blue_cooler_all_male; no sex classifier found in repo,not_estimated,not_run_no_filtered_yolo_detection,models/fathomnet_mvp_yolov8_1280_20240914.pt,1,0,,,
2026-05-29,blue_cooler,2026-05-29_blue_cooler_IMG_2525,local:data/raw/Green Crab AI 2026,IMG_2525.jpeg,Grace Welles; Gabriela Bradt,unknown,unknown,mixed,hand,partial,unknown,none,male,unknown,,,,unknown,low,unknown,,,No filtered YOLO crab detection; molt estimate not run. View angle is provisional; repo has no side-view classifier.,new,orientation_classifier_low_confidence_or_uncertain,ViT-B/16 ImageNet features + LogisticRegression on data/sam3_orientation; side is a bbox-aspect heuristic,0.9745,user_field_note_blue_cooler_all_male; no sex classifier found in repo,not_estimated,not_run_no_filtered_yolo_detection,models/fathomnet_mvp_yolov8_1280_20240914.pt,0,0,,,
2026-05-29,blue_cooler,2026-05-29_blue_cooler_IMG_2526,local:data/raw/Green Crab AI 2026,IMG_2526.jpeg,Grace Welles; Gabriela Bradt,unknown,unknown,shade,hand,partial,unknown,none,male,unknown,,,,unknown,low,unknown,,,No filtered YOLO crab detection; molt estimate not run. View angle is provisional; repo has no side-view classifier.,new,orientation_classifier_low_confidence_or_uncertain,ViT-B/16 ImageNet features + LogisticRegression on data/sam3_orientation; side is a bbox-aspect heuristic,0.9876,user_field_note_blue_cooler_all_male; no sex classifier found in repo,not_estimated,not_run_no_filtered_yolo_detection,models/fathomnet_mvp_yolov8_1280_20240914.pt,0,0,,,
2026-05-29,blue_cooler,2026-05-29_blue_cooler_IMG_2527,local:data/raw/Green Crab AI 2026,IMG_2527.jpeg,Grace Welles; Gabriela Bradt,unknown,unknown,mixed,hand,partial,unknown,none,male,unknown,,,,unknown,low,unknown,,,No filtered YOLO crab detection; molt estimate not run. View angle is provisional; repo has no side-view classifier.,new,orientation_classifier_low_confidence_or_uncertain,ViT-B/16 ImageNet features + LogisticRegression on data/sam3_orientation; side is a bbox-aspect heuristic,0.9989,user_field_note_blue_cooler_all_male; no sex classifier found in repo,not_estimated,not_run_no_filtered_yolo_detection,models/fathomnet_mvp_yolov8_1280_20240914.pt,0,0,,,
2026-05-29,blue_cooler,2026-05-29_blue_cooler_IMG_2528,local:data/raw/Green Crab AI 2026,IMG_2528.jpeg,Grace Welles; Gabriela Bradt,unknown,unknown,mixed,hand,partial,unknown,none,male,unknown,,,,unknown,low,unknown,,,No filtered YOLO crab detection; molt estimate not run. View angle is provisional; repo has no side-view classifier.,new,orientation_classifier_low_confidence_or_uncertain,ViT-B/16 ImageNet features + LogisticRegression on data/sam3_orientation; side is a bbox-aspect heuristic,0.9995,user_field_note_blue_cooler_all_male; no sex classifier found in repo,not_estimated,not_run_no_filtered_yolo_detection,models/fathomnet_mvp_yolov8_1280_20240914.pt,1,0,,,
2026-05-29,blue_cooler,2026-05-29_blue_cooler_IMG_2529,local:data/raw/Green Crab AI 2026,IMG_2529.jpeg,Grace Welles; Gabriela Bradt,unknown,unknown,shade,hand,partial,unknown,none,male,unknown,,,,unknown,low,unknown,,,No filtered YOLO crab detection; molt estimate not run. View angle is provisional; repo has no side-view classifier.,new,orientation_classifier_low_confidence_or_uncertain,ViT-B/16 ImageNet features + LogisticRegression on data/sam3_orientation; side is a bbox-aspect heuristic,0.9933,user_field_note_blue_cooler_all_male; no sex classifier found in repo,not_estimated,not_run_no_filtered_yolo_detection,models/fathomnet_mvp_yolov8_1280_20240914.pt,0,0,,,
2026-05-29,blue_cooler,2026-05-29_blue_cooler_IMG_2530,local:data/raw/Green Crab AI 2026,IMG_2530.jpeg,Grace Welles; Gabriela Bradt,ventral,unknown,shade,hand,partial,unknown,none,male,unknown,,,,unknown,low,unknown,,,No filtered YOLO crab detection; molt estimate not run.,new,vit_logistic_regression_trained_on_data_sam3_orientation,ViT-B/16 ImageNet features + LogisticRegression on data/sam3_orientation; side is a bbox-aspect heuristic,0.8502,user_field_note_blue_cooler_all_male; no sex classifier found in repo,not_estimated,not_run_no_filtered_yolo_detection,models/fathomnet_mvp_yolov8_1280_20240914.pt,0,0,,,
2026-05-29,blue_cooler,2026-05-29_blue_cooler_IMG_2531,local:data/raw/Green Crab AI 2026,IMG_2531.jpeg,Grace Welles; Gabriela Bradt,unknown,unknown,shade,hand,partial,unknown,none,male,unknown,,,,unknown,low,unknown,,,No filtered YOLO crab detection; molt estimate not run. View angle is provisional; repo has no side-view classifier.,new,orientation_classifier_low_confidence_or_uncertain,ViT-B/16 ImageNet features + LogisticRegression on data/sam3_orientation; side is a bbox-aspect heuristic,0.985,user_field_note_blue_cooler_all_male; no sex classifier found in repo,not_estimated,not_run_no_filtered_yolo_detection,models/fathomnet_mvp_yolov8_1280_20240914.pt,1,0,,,
2026-05-29,blue_cooler,2026-05-29_blue_cooler_IMG_2532,local:data/raw/Green Crab AI 2026,IMG_2532.jpeg,Grace Welles; Gabriela Bradt,unknown,unknown,shade,hand,partial,unknown,none,male,unknown,,,,unknown,low,unknown,,,No filtered YOLO crab detection; molt estimate not run. View angle is provisional; repo has no side-view classifier.,new,orientation_classifier_low_confidence_or_uncertain,ViT-B/16 ImageNet features + LogisticRegression on data/sam3_orientation; side is a bbox-aspect heuristic,0.7292,user_field_note_blue_cooler_all_male; no sex classifier found in repo,not_estimated,not_run_no_filtered_yolo_detection,models/fathomnet_mvp_yolov8_1280_20240914.pt,1,0,,,
2026-05-29,blue_cooler,2026-05-29_blue_cooler_IMG_2533,local:data/raw/Green Crab AI 2026,IMG_2533.jpeg,Grace Welles; Gabriela Bradt,unknown,unknown,shade,hand,partial,unknown,none,male,unknown,,,,unknown,low,unknown,,,No filtered YOLO crab detection; molt estimate not run. View angle is provisional; repo has no side-view classifier.,new,orientation_classifier_low_confidence_or_uncertain,ViT-B/16 ImageNet features + LogisticRegression on data/sam3_orientation; side is a bbox-aspect heuristic,0.9767,user_field_note_blue_cooler_all_male; no sex classifier found in repo,not_estimated,not_run_no_filtered_yolo_detection,models/fathomnet_mvp_yolov8_1280_20240914.pt,0,0,,,
2026-05-29,blue_cooler,2026-05-29_blue_cooler_IMG_2534,local:data/raw/Green Crab AI 2026,IMG_2534.jpeg,Grace Welles; Gabriela Bradt,unknown,close_under_6in,shade,hand,1,partially_cut_off,none,male,unknown,,,13.441,pre_molt,high,unknown,,,View angle is provisional; repo has no side-view classifier.,new,orientation_classifier_low_confidence_or_uncertain,ViT-B/16 ImageNet features + LogisticRegression on data/sam3_orientation; side is a bbox-aspect heuristic,0.9862,user_field_note_blue_cooler_all_male; no sex classifier found in repo,not_estimated,best_vit_regressor.joblib_on_yolo_primary_crop,models/fathomnet_mvp_yolov8_1280_20240914.pt,1,1,0.3536,0.70535,1.021
2026-05-29,blue_cooler,2026-05-29_blue_cooler_IMG_2535,local:data/raw/Green Crab AI 2026,IMG_2535.jpeg,Grace Welles; Gabriela Bradt,unknown,unknown,shade,hand,partial,unknown,none,male,unknown,,,,unknown,low,unknown,,,No filtered YOLO crab detection; molt estimate not run. View angle is provisional; repo has no side-view classifier.,new,orientation_classifier_low_confidence_or_uncertain,ViT-B/16 ImageNet features + LogisticRegression on data/sam3_orientation; side is a bbox-aspect heuristic,0.9992,user_field_note_blue_cooler_all_male; no sex classifier found in repo,not_estimated,not_run_no_filtered_yolo_detection,models/fathomnet_mvp_yolov8_1280_20240914.pt,0,0,,,
2026-05-29,blue_cooler,2026-05-29_blue_cooler_IMG_2537,local:data/raw/Green Crab AI 2026,IMG_2537.jpeg,Grace Welles; Gabriela Bradt,unknown,unknown,shade,hand,partial,unknown,none,male,unknown,,,,unknown,low,unknown,,,No filtered YOLO crab detection; molt estimate not run. View angle is provisional; repo has no side-view classifier.,new,orientation_classifier_low_confidence_or_uncertain,ViT-B/16 ImageNet features + LogisticRegression on data/sam3_orientation; side is a bbox-aspect heuristic,0.6575,user_field_note_blue_cooler_all_male; no sex classifier found in repo,not_estimated,not_run_no_filtered_yolo_detection,models/fathomnet_mvp_yolov8_1280_20240914.pt,0,0,,,
2026-05-29,blue_cooler,2026-05-29_blue_cooler_IMG_2538,local:data/raw/Green Crab AI 2026,IMG_2538.jpeg,Grace Welles; Gabriela Bradt,unknown,unknown,shade,hand,partial,unknown,none,male,unknown,,,,unknown,low,unknown,,,No filtered YOLO crab detection; molt estimate not run. View angle is provisional; repo has no side-view classifier.,new,orientation_classifier_low_confidence_or_uncertain,ViT-B/16 ImageNet features + LogisticRegression on data/sam3_orientation; side is a bbox-aspect heuristic,0.9699,user_field_note_blue_cooler_all_male; no sex classifier found in repo,not_estimated,not_run_no_filtered_yolo_detection,models/fathomnet_mvp_yolov8_1280_20240914.pt,0,0,,,
2026-05-29,blue_cooler,2026-05-29_blue_cooler_IMG_2539,local:data/raw/Green Crab AI 2026,IMG_2539.jpeg,Grace Welles; Gabriela Bradt,unknown,unknown,shade,hand,partial,unknown,none,male,unknown,,,,unknown,low,unknown,,,No filtered YOLO crab detection; molt estimate not run. View angle is provisional; repo has no side-view classifier.,new,orientation_classifier_low_confidence_or_uncertain,ViT-B/16 ImageNet features + LogisticRegression on data/sam3_orientation; side is a bbox-aspect heuristic,0.8419,user_field_note_blue_cooler_all_male; no sex classifier found in repo,not_estimated,not_run_no_filtered_yolo_detection,models/fathomnet_mvp_yolov8_1280_20240914.pt,1,0,,,
2026-05-29,blue_cooler,2026-05-29_blue_cooler_IMG_2540,local:data/raw/Green Crab AI 2026,IMG_2540.jpeg,Grace Welles; Gabriela Bradt,unknown,unknown,shade,hand,partial,unknown,none,male,unknown,,,,unknown,low,unknown,,,No filtered YOLO crab detection; molt estimate not run. View angle is provisional; repo has no side-view classifier.,new,orientation_classifier_low_confidence_or_uncertain,ViT-B/16 ImageNet features + LogisticRegression on data/sam3_orientation; side is a bbox-aspect heuristic,0.9625,user_field_note_blue_cooler_all_male; no sex classifier found in repo,not_estimated,not_run_no_filtered_yolo_detection,models/fathomnet_mvp_yolov8_1280_20240914.pt,0,0,,,
2026-05-29,blue_cooler,2026-05-29_blue_cooler_IMG_2541,local:data/raw/Green Crab AI 2026,IMG_2541.jpeg,Grace Welles; Gabriela Bradt,unknown,unknown,shade,hand,partial,unknown,none,male,unknown,,,,unknown,low,unknown,,,No filtered YOLO crab detection; molt estimate not run. View angle is provisional; repo has no side-view classifier.,new,orientation_classifier_low_confidence_or_uncertain,ViT-B/16 ImageNet features + LogisticRegression on data/sam3_orientation; side is a bbox-aspect heuristic,0.8135,user_field_note_blue_cooler_all_male; no sex classifier found in repo,not_estimated,not_run_no_filtered_yolo_detection,models/fathomnet_mvp_yolov8_1280_20240914.pt,0,0,,,
2026-05-29,blue_cooler,2026-05-29_blue_cooler_IMG_2542,local:data/raw/Green Crab AI 2026,IMG_2542.jpeg,Grace Welles; Gabriela Bradt,ventral,unknown,shade,hand,partial,unknown,none,male,unknown,,,,unknown,low,unknown,,,No filtered YOLO crab detection; molt estimate not run.,new,vit_logistic_regression_trained_on_data_sam3_orientation,ViT-B/16 ImageNet features + LogisticRegression on data/sam3_orientation; side is a bbox-aspect heuristic,0.7932,user_field_note_blue_cooler_all_male; no sex classifier found in repo,not_estimated,not_run_no_filtered_yolo_detection,models/fathomnet_mvp_yolov8_1280_20240914.pt,1,0,,,
2026-05-29,blue_cooler,2026-05-29_blue_cooler_IMG_2543,local:data/raw/Green Crab AI 2026,IMG_2543.jpeg,Grace Welles; Gabriela Bradt,unknown,unknown,shade,hand,partial,unknown,none,male,unknown,,,,unknown,low,unknown,,,No filtered YOLO crab detection; molt estimate not run. View angle is provisional; repo has no side-view classifier.,new,orientation_classifier_low_confidence_or_uncertain,ViT-B/16 ImageNet features + LogisticRegression on data/sam3_orientation; side is a bbox-aspect heuristic,0.7744,user_field_note_blue_cooler_all_male; no sex classifier found in repo,not_estimated,not_run_no_filtered_yolo_detection,models/fathomnet_mvp_yolov8_1280_20240914.pt,1,0,,,
2026-05-29,blue_cooler,2026-05-29_blue_cooler_IMG_2544,local:data/raw/Green Crab AI 2026,IMG_2544.jpeg,Grace Welles; Gabriela Bradt,unknown,unknown,shade,hand,partial,unknown,none,male,unknown,,,,unknown,low,unknown,,,No filtered YOLO crab detection; molt estimate not run. View angle is provisional; repo has no side-view classifier.,new,orientation_classifier_low_confidence_or_uncertain,ViT-B/16 ImageNet features + LogisticRegression on data/sam3_orientation; side is a bbox-aspect heuristic,0.9947,user_field_note_blue_cooler_all_male; no sex classifier found in repo,not_estimated,not_run_no_filtered_yolo_detection,models/fathomnet_mvp_yolov8_1280_20240914.pt,0,0,,,
2026-05-29,blue_cooler,2026-05-29_blue_cooler_IMG_2545,local:data/raw/Green Crab AI 2026,IMG_2545.jpeg,Grace Welles; Gabriela Bradt,unknown,close_under_6in,shade,hand,1,partially_cut_off,none,male,unknown,,,9.12,pre_molt,high,unknown,,,View angle is provisional; repo has no side-view classifier.,new,orientation_classifier_low_confidence_or_uncertain,ViT-B/16 ImageNet features + LogisticRegression on data/sam3_orientation; side is a bbox-aspect heuristic,0.9892,user_field_note_blue_cooler_all_male; no sex classifier found in repo,not_estimated,best_vit_regressor.joblib_on_yolo_primary_crop,models/fathomnet_mvp_yolov8_1280_20240914.pt,1,1,0.5775,0.38542,1.008
2026-05-29,blue_cooler,2026-05-29_blue_cooler_IMG_2546,local:data/raw/Green Crab AI 2026,IMG_2546.jpeg,Grace Welles; Gabriela Bradt,unknown,unknown,shade,hand,partial,unknown,none,male,unknown,,,,unknown,low,unknown,,,No filtered YOLO crab detection; molt estimate not run. View angle is provisional; repo has no side-view classifier.,new,orientation_classifier_low_confidence_or_uncertain,ViT-B/16 ImageNet features + LogisticRegression on data/sam3_orientation; side is a bbox-aspect heuristic,0.988,user_field_note_blue_cooler_all_male; no sex classifier found in repo,not_estimated,not_run_no_filtered_yolo_detection,models/fathomnet_mvp_yolov8_1280_20240914.pt,0,0,,,
2026-05-29,blue_cooler,2026-05-29_blue_cooler_IMG_2548,local:data/raw/Green Crab AI 2026,IMG_2548.jpeg,Grace Welles; Gabriela Bradt,unknown,unknown,shade,hand,partial,unknown,none,male,unknown,,,,unknown,low,unknown,,,No filtered YOLO crab detection; molt estimate not run. View angle is provisional; repo has no side-view classifier.,new,orientation_classifier_low_confidence_or_uncertain,ViT-B/16 ImageNet features + LogisticRegression on data/sam3_orientation; side is a bbox-aspect heuristic,0.9748,user_field_note_blue_cooler_all_male; no sex classifier found in repo,not_estimated,not_run_no_filtered_yolo_detection,models/fathomnet_mvp_yolov8_1280_20240914.pt,0,0,,,
2026-05-29,blue_cooler,2026-05-29_blue_cooler_IMG_2549,local:data/raw/Green Crab AI 2026,IMG_2549.jpeg,Grace Welles; Gabriela Bradt,unknown,unknown,shade,hand,partial,unknown,none,male,unknown,,,,unknown,low,unknown,,,No filtered YOLO crab detection; molt estimate not run. View angle is provisional; repo has no side-view classifier.,new,orientation_classifier_low_confidence_or_uncertain,ViT-B/16 ImageNet features + LogisticRegression on data/sam3_orientation; side is a bbox-aspect heuristic,0.9493,user_field_note_blue_cooler_all_male; no sex classifier found in repo,not_estimated,not_run_no_filtered_yolo_detection,models/fathomnet_mvp_yolov8_1280_20240914.pt,0,0,,,
2026-05-29,blue_cooler,2026-05-29_blue_cooler_IMG_2550,local:data/raw/Green Crab AI 2026,IMG_2550.jpeg,Grace Welles; Gabriela Bradt,unknown,close_under_6in,shade,hand,1,partially_cut_off,none,male,unknown,,,7.999,pre_molt,high,unknown,,,View angle is provisional; repo has no side-view classifier.,new,orientation_classifier_low_confidence_or_uncertain,ViT-B/16 ImageNet features + LogisticRegression on data/sam3_orientation; side is a bbox-aspect heuristic,0.9997,user_field_note_blue_cooler_all_male; no sex classifier found in repo,not_estimated,best_vit_regressor.joblib_on_yolo_primary_crop,models/fathomnet_mvp_yolov8_1280_20240914.pt,1,1,0.7053,0.5521,0.903
2026-05-29,blue_cooler,2026-05-29_blue_cooler_IMG_2552,local:data/raw/Green Crab AI 2026,IMG_2552.jpeg,Grace Welles; Gabriela Bradt,unknown,unknown,shade,hand,partial,unknown,none,male,unknown,,,,unknown,low,unknown,,,No filtered YOLO crab detection; molt estimate not run. View angle is provisional; repo has no side-view classifier.,new,orientation_classifier_low_confidence_or_uncertain,ViT-B/16 ImageNet features + LogisticRegression on data/sam3_orientation; side is a bbox-aspect heuristic,0.7449,user_field_note_blue_cooler_all_male; no sex classifier found in repo,not_estimated,not_run_no_filtered_yolo_detection,models/fathomnet_mvp_yolov8_1280_20240914.pt,0,0,,,
2026-05-29,blue_cooler,2026-05-29_blue_cooler_IMG_2553,local:data/raw/Green Crab AI 2026,IMG_2553.jpeg,Grace Welles; Gabriela Bradt,ventral,unknown,shade,hand,partial,unknown,none,male,unknown,,,,unknown,low,unknown,,,No filtered YOLO crab detection; molt estimate not run.,new,vit_logistic_regression_trained_on_data_sam3_orientation,ViT-B/16 ImageNet features + LogisticRegression on data/sam3_orientation; side is a bbox-aspect heuristic,0.95,user_field_note_blue_cooler_all_male; no sex classifier found in repo,not_estimated,not_run_no_filtered_yolo_detection,models/fathomnet_mvp_yolov8_1280_20240914.pt,0,0,,,
2026-05-29,blue_cooler,2026-05-29_blue_cooler_IMG_2554,local:data/raw/Green Crab AI 2026,IMG_2554.jpeg,Grace Welles; Gabriela Bradt,unknown,unknown,shade,hand,partial,unknown,none,male,unknown,,,,unknown,low,unknown,,,No filtered YOLO crab detection; molt estimate not run. View angle is provisional; repo has no side-view classifier.,new,orientation_classifier_low_confidence_or_uncertain,ViT-B/16 ImageNet features + LogisticRegression on data/sam3_orientation; side is a bbox-aspect heuristic,0.9961,user_field_note_blue_cooler_all_male; no sex classifier found in repo,not_estimated,not_run_no_filtered_yolo_detection,models/fathomnet_mvp_yolov8_1280_20240914.pt,0,0,,,
2026-05-29,blue_cooler,2026-05-29_blue_cooler_IMG_2555,local:data/raw/Green Crab AI 2026,IMG_2555.jpeg,Grace Welles; Gabriela Bradt,unknown,unknown,shade,hand,partial,unknown,none,male,unknown,,,,unknown,low,unknown,,,No filtered YOLO crab detection; molt estimate not run. View angle is provisional; repo has no side-view classifier.,new,orientation_classifier_low_confidence_or_uncertain,ViT-B/16 ImageNet features + LogisticRegression on data/sam3_orientation; side is a bbox-aspect heuristic,0.9735,user_field_note_blue_cooler_all_male; no sex classifier found in repo,not_estimated,not_run_no_filtered_yolo_detection,models/fathomnet_mvp_yolov8_1280_20240914.pt,0,0,,,
2026-05-29,blue_cooler,2026-05-29_blue_cooler_IMG_2557,local:data/raw/Green Crab AI 2026,IMG_2557.jpeg,Grace Welles; Gabriela Bradt,unknown,unknown,shade,hand,partial,unknown,none,male,unknown,,,,unknown,low,unknown,,,No filtered YOLO crab detection; molt estimate not run. View angle is provisional; repo has no side-view classifier.,new,orientation_classifier_low_confidence_or_uncertain,ViT-B/16 ImageNet features + LogisticRegression on data/sam3_orientation; side is a bbox-aspect heuristic,0.8425,user_field_note_blue_cooler_all_male; no sex classifier found in repo,not_estimated,not_run_no_filtered_yolo_detection,models/fathomnet_mvp_yolov8_1280_20240914.pt,0,0,,,
2026-05-29,blue_cooler,2026-05-29_blue_cooler_IMG_2558,local:data/raw/Green Crab AI 2026,IMG_2558.jpeg,Grace Welles; Gabriela Bradt,unknown,unknown,shade,hand,partial,unknown,none,male,unknown,,,,unknown,low,unknown,,,No filtered YOLO crab detection; molt estimate not run. View angle is provisional; repo has no side-view classifier.,new,orientation_classifier_low_confidence_or_uncertain,ViT-B/16 ImageNet features + LogisticRegression on data/sam3_orientation; side is a bbox-aspect heuristic,0.9399,user_field_note_blue_cooler_all_male; no sex classifier found in repo,not_estimated,not_run_no_filtered_yolo_detection,models/fathomnet_mvp_yolov8_1280_20240914.pt,0,0,,,
2026-05-29,blue_cooler,2026-05-29_blue_cooler_IMG_2559,local:data/raw/Green Crab AI 2026,IMG_2559.jpeg,Grace Welles; Gabriela Bradt,ventral,unknown,shade,hand,partial,unknown,none,male,unknown,,,,unknown,low,unknown,,,No filtered YOLO crab detection; molt estimate not run.,new,vit_logistic_regression_trained_on_data_sam3_orientation,ViT-B/16 ImageNet features + LogisticRegression on data/sam3_orientation; side is a bbox-aspect heuristic,0.7774,user_field_note_blue_cooler_all_male; no sex classifier found in repo,not_estimated,not_run_no_filtered_yolo_detection,models/fathomnet_mvp_yolov8_1280_20240914.pt,0,0,,,
2026-05-29,blue_cooler,2026-05-29_blue_cooler_IMG_2561,local:data/raw/Green Crab AI 2026,IMG_2561.jpeg,Grace Welles; Gabriela Bradt,unknown,unknown,shade,hand,partial,unknown,none,male,unknown,,,,unknown,low,unknown,,,No filtered YOLO crab detection; molt estimate not run. View angle is provisional; repo has no side-view classifier.,new,orientation_classifier_low_confidence_or_uncertain,ViT-B/16 ImageNet features + LogisticRegression on data/sam3_orientation; side is a bbox-aspect heuristic,0.5808,user_field_note_blue_cooler_all_male; no sex classifier found in repo,not_estimated,not_run_no_filtered_yolo_detection,models/fathomnet_mvp_yolov8_1280_20240914.pt,1,0,,,
2026-05-29,blue_cooler,2026-05-29_blue_cooler_IMG_2562,local:data/raw/Green Crab AI 2026,IMG_2562.jpeg,Grace Welles; Gabriela Bradt,ventral,unknown,shade,hand,partial,unknown,none,male,unknown,,,,unknown,low,unknown,,,No filtered YOLO crab detection; molt estimate not run.,new,vit_logistic_regression_trained_on_data_sam3_orientation,ViT-B/16 ImageNet features + LogisticRegression on data/sam3_orientation; side is a bbox-aspect heuristic,0.9985,user_field_note_blue_cooler_all_male; no sex classifier found in repo,not_estimated,not_run_no_filtered_yolo_detection,models/fathomnet_mvp_yolov8_1280_20240914.pt,0,0,,,
2026-05-29,blue_cooler,2026-05-29_blue_cooler_IMG_2563,local:data/raw/Green Crab AI 2026,IMG_2563.jpeg,Grace Welles; Gabriela Bradt,unknown,unknown,shade,hand,partial,unknown,none,male,unknown,,,,unknown,low,unknown,,,No filtered YOLO crab detection; molt estimate not run. View angle is provisional; repo has no side-view classifier.,new,orientation_classifier_low_confidence_or_uncertain,ViT-B/16 ImageNet features + LogisticRegression on data/sam3_orientation; side is a bbox-aspect heuristic,0.8725,user_field_note_blue_cooler_all_male; no sex classifier found in repo,not_estimated,not_run_no_filtered_yolo_detection,models/fathomnet_mvp_yolov8_1280_20240914.pt,0,0,,,
2026-05-29,blue_cooler,2026-05-29_blue_cooler_IMG_2564,local:data/raw/Green Crab AI 2026,IMG_2564.jpeg,Grace Welles; Gabriela Bradt,unknown,unknown,shade,hand,partial,unknown,none,male,unknown,,,,unknown,low,unknown,,,No filtered YOLO crab detection; molt estimate not run. View angle is provisional; repo has no side-view classifier.,new,orientation_classifier_low_confidence_or_uncertain,ViT-B/16 ImageNet features + LogisticRegression on data/sam3_orientation; side is a bbox-aspect heuristic,0.9998,user_field_note_blue_cooler_all_male; no sex classifier found in repo,not_estimated,not_run_no_filtered_yolo_detection,models/fathomnet_mvp_yolov8_1280_20240914.pt,0,0,,,
2026-05-29,blue_cooler,2026-05-29_blue_cooler_IMG_2565,local:data/raw/Green Crab AI 2026,IMG_2565.jpeg,Grace Welles; Gabriela Bradt,unknown,unknown,shade,hand,partial,unknown,none,male,unknown,,,,unknown,low,unknown,,,No filtered YOLO crab detection; molt estimate not run. View angle is provisional; repo has no side-view classifier.,new,orientation_classifier_low_confidence_or_uncertain,ViT-B/16 ImageNet features + LogisticRegression on data/sam3_orientation; side is a bbox-aspect heuristic,0.9751,user_field_note_blue_cooler_all_male; no sex classifier found in repo,not_estimated,not_run_no_filtered_yolo_detection,models/fathomnet_mvp_yolov8_1280_20240914.pt,0,0,,,
2026-05-29,blue_cooler,2026-05-29_blue_cooler_IMG_2568,local:data/raw/Green Crab AI 2026,IMG_2568.jpeg,Grace Welles; Gabriela Bradt,ventral,unknown,shade,hand,partial,unknown,none,male,unknown,,,,unknown,low,unknown,,,No filtered YOLO crab detection; molt estimate not run.,new,vit_logistic_regression_trained_on_data_sam3_orientation,ViT-B/16 ImageNet features + LogisticRegression on data/sam3_orientation; side is a bbox-aspect heuristic,0.5651,user_field_note_blue_cooler_all_male; no sex classifier found in repo,not_estimated,not_run_no_filtered_yolo_detection,models/fathomnet_mvp_yolov8_1280_20240914.pt,0,0,,,
2026-05-29,blue_cooler,2026-05-29_blue_cooler_IMG_2569,local:data/raw/Green Crab AI 2026,IMG_2569.jpeg,Grace Welles; Gabriela Bradt,ventral,unknown,shade,hand,partial,unknown,none,male,unknown,,,,unknown,low,unknown,,,No filtered YOLO crab detection; molt estimate not run.,new,vit_logistic_regression_trained_on_data_sam3_orientation,ViT-B/16 ImageNet features + LogisticRegression on data/sam3_orientation; side is a bbox-aspect heuristic,0.7004,user_field_note_blue_cooler_all_male; no sex classifier found in repo,not_estimated,not_run_no_filtered_yolo_detection,models/fathomnet_mvp_yolov8_1280_20240914.pt,0,0,,,
2026-05-29,blue_cooler,2026-05-29_blue_cooler_IMG_2570,local:data/raw/Green Crab AI 2026,IMG_2570.jpeg,Grace Welles; Gabriela Bradt,unknown,close_under_6in,shade,hand,1,partially_cut_off,none,male,unknown,,,9.512,pre_molt,high,unknown,,,View angle is provisional; repo has no side-view classifier.,new,orientation_classifier_low_confidence_or_uncertain,ViT-B/16 ImageNet features + LogisticRegression on data/sam3_orientation; side is a bbox-aspect heuristic,0.9997,user_field_note_blue_cooler_all_male; no sex classifier found in repo,not_estimated,best_vit_regressor.joblib_on_yolo_primary_crop,models/fathomnet_mvp_yolov8_1280_20240914.pt,1,1,0.2623,0.65864,0.971
2026-05-29,blue_cooler,2026-05-29_blue_cooler_IMG_2572,local:data/raw/Green Crab AI 2026,IMG_2572.jpeg,Grace Welles; Gabriela Bradt,unknown,unknown,shade,hand,partial,unknown,none,male,unknown,,,,unknown,low,unknown,,,No filtered YOLO crab detection; molt estimate not run. View angle is provisional; repo has no side-view classifier.,new,orientation_classifier_low_confidence_or_uncertain,ViT-B/16 ImageNet features + LogisticRegression on data/sam3_orientation; side is a bbox-aspect heuristic,0.9864,user_field_note_blue_cooler_all_male; no sex classifier found in repo,not_estimated,not_run_no_filtered_yolo_detection,models/fathomnet_mvp_yolov8_1280_20240914.pt,0,0,,,
2026-05-29,blue_cooler,2026-05-29_blue_cooler_IMG_2573,local:data/raw/Green Crab AI 2026,IMG_2573.jpeg,Grace Welles; Gabriela Bradt,ventral,unknown,shade,hand,partial,unknown,none,male,unknown,,,,unknown,low,unknown,,,No filtered YOLO crab detection; molt estimate not run.,new,vit_logistic_regression_trained_on_data_sam3_orientation,ViT-B/16 ImageNet features + LogisticRegression on data/sam3_orientation; side is a bbox-aspect heuristic,0.9401,user_field_note_blue_cooler_all_male; no sex classifier found in repo,not_estimated,not_run_no_filtered_yolo_detection,models/fathomnet_mvp_yolov8_1280_20240914.pt,0,0,,,
2026-05-29,blue_cooler,2026-05-29_blue_cooler_IMG_2574,local:data/raw/Green Crab AI 2026,IMG_2574.jpeg,Grace Welles; Gabriela Bradt,unknown,unknown,shade,hand,partial,unknown,none,male,unknown,,,,unknown,low,unknown,,,No filtered YOLO crab detection; molt estimate not run. View angle is provisional; repo has no side-view classifier.,new,orientation_classifier_low_confidence_or_uncertain,ViT-B/16 ImageNet features + LogisticRegression on data/sam3_orientation; side is a bbox-aspect heuristic,0.9947,user_field_note_blue_cooler_all_male; no sex classifier found in repo,not_estimated,not_run_no_filtered_yolo_detection,models/fathomnet_mvp_yolov8_1280_20240914.pt,0,0,,,
2026-05-29,blue_cooler,2026-05-29_blue_cooler_IMG_2576,local:data/raw/Green Crab AI 2026,IMG_2576.jpeg,Grace Welles; Gabriela Bradt,ventral,unknown,shade,hand,partial,unknown,none,male,unknown,,,,unknown,low,unknown,,,No filtered YOLO crab detection; molt estimate not run.,new,vit_logistic_regression_trained_on_data_sam3_orientation,ViT-B/16 ImageNet features + LogisticRegression on data/sam3_orientation; side is a bbox-aspect heuristic,0.9428,user_field_note_blue_cooler_all_male; no sex classifier found in repo,not_estimated,not_run_no_filtered_yolo_detection,models/fathomnet_mvp_yolov8_1280_20240914.pt,0,0,,,
2026-05-29,blue_cooler,2026-05-29_blue_cooler_IMG_2577,local:data/raw/Green Crab AI 2026,IMG_2577.jpeg,Grace Welles; Gabriela Bradt,unknown,unknown,shade,hand,partial,unknown,none,male,unknown,,,,unknown,low,unknown,,,No filtered YOLO crab detection; molt estimate not run. View angle is provisional; repo has no side-view classifier.,new,orientation_classifier_low_confidence_or_uncertain,ViT-B/16 ImageNet features + LogisticRegression on data/sam3_orientation; side is a bbox-aspect heuristic,0.94,user_field_note_blue_cooler_all_male; no sex classifier found in repo,not_estimated,not_run_no_filtered_yolo_detection,models/fathomnet_mvp_yolov8_1280_20240914.pt,0,0,,,
2026-05-29,blue_cooler,2026-05-29_blue_cooler_IMG_2579,local:data/raw/Green Crab AI 2026,IMG_2579.jpeg,Grace Welles; Gabriela Bradt,unknown,unknown,shade,hand,partial,unknown,none,male,unknown,,,,unknown,low,unknown,,,No filtered YOLO crab detection; molt estimate not run. View angle is provisional; repo has no side-view classifier.,new,orientation_classifier_low_confidence_or_uncertain,ViT-B/16 ImageNet features + LogisticRegression on data/sam3_orientation; side is a bbox-aspect heuristic,0.9585,user_field_note_blue_cooler_all_male; no sex classifier found in repo,not_estimated,not_run_no_filtered_yolo_detection,models/fathomnet_mvp_yolov8_1280_20240914.pt,2,0,,,
2026-05-29,blue_cooler,2026-05-29_blue_cooler_IMG_2580,local:data/raw/Green Crab AI 2026,IMG_2580.jpeg,Grace Welles; Gabriela Bradt,unknown,unknown,shade,hand,partial,unknown,none,male,unknown,,,,unknown,low,unknown,,,No filtered YOLO crab detection; molt estimate not run. View angle is provisional; repo has no side-view classifier.,new,orientation_classifier_low_confidence_or_uncertain,ViT-B/16 ImageNet features + LogisticRegression on data/sam3_orientation; side is a bbox-aspect heuristic,0.5033,user_field_note_blue_cooler_all_male; no sex classifier found in repo,not_estimated,not_run_no_filtered_yolo_detection,models/fathomnet_mvp_yolov8_1280_20240914.pt,0,0,,,
2026-05-29,blue_cooler,2026-05-29_blue_cooler_IMG_2581,local:data/raw/Green Crab AI 2026,IMG_2581.jpeg,Grace Welles; Gabriela Bradt,ventral,unknown,shade,hand,partial,unknown,none,male,unknown,,,,unknown,low,unknown,,,No filtered YOLO crab detection; molt estimate not run.,new,vit_logistic_regression_trained_on_data_sam3_orientation,ViT-B/16 ImageNet features + LogisticRegression on data/sam3_orientation; side is a bbox-aspect heuristic,0.6274,user_field_note_blue_cooler_all_male; no sex classifier found in repo,not_estimated,not_run_no_filtered_yolo_detection,models/fathomnet_mvp_yolov8_1280_20240914.pt,1,0,,,
2026-05-29,blue_cooler,2026-05-29_blue_cooler_IMG_2582,local:data/raw/Green Crab AI 2026,IMG_2582.jpeg,Grace Welles; Gabriela Bradt,unknown,unknown,shade,hand,partial,unknown,none,male,unknown,,,,unknown,low,unknown,,,No filtered YOLO crab detection; molt estimate not run. View angle is provisional; repo has no side-view classifier.,new,orientation_classifier_low_confidence_or_uncertain,ViT-B/16 ImageNet features + LogisticRegression on data/sam3_orientation; side is a bbox-aspect heuristic,0.9948,user_field_note_blue_cooler_all_male; no sex classifier found in repo,not_estimated,not_run_no_filtered_yolo_detection,models/fathomnet_mvp_yolov8_1280_20240914.pt,0,0,,,
2026-05-29,blue_cooler,2026-05-29_blue_cooler_IMG_2583,local:data/raw/Green Crab AI 2026,IMG_2583.jpeg,Grace Welles; Gabriela Bradt,unknown,unknown,shade,hand,partial,unknown,none,male,unknown,,,,unknown,low,unknown,,,No filtered YOLO crab detection; molt estimate not run. View angle is provisional; repo has no side-view classifier.,new,orientation_classifier_low_confidence_or_uncertain,ViT-B/16 ImageNet features + LogisticRegression on data/sam3_orientation; side is a bbox-aspect heuristic,0.9502,user_field_note_blue_cooler_all_male; no sex classifier found in repo,not_estimated,not_run_no_filtered_yolo_detection,models/fathomnet_mvp_yolov8_1280_20240914.pt,0,0,,,
2026-05-29,blue_cooler,2026-05-29_blue_cooler_IMG_2584,local:data/raw/Green Crab AI 2026,IMG_2584.jpeg,Grace Welles; Gabriela Bradt,ventral,unknown,shade,hand,partial,unknown,none,male,unknown,,,,unknown,low,unknown,,,No filtered YOLO crab detection; molt estimate not run.,new,vit_logistic_regression_trained_on_data_sam3_orientation,ViT-B/16 ImageNet features + LogisticRegression on data/sam3_orientation; side is a bbox-aspect heuristic,0.8801,user_field_note_blue_cooler_all_male; no sex classifier found in repo,not_estimated,not_run_no_filtered_yolo_detection,models/fathomnet_mvp_yolov8_1280_20240914.pt,0,0,,,
2026-05-29,blue_cooler,2026-05-29_blue_cooler_IMG_2585,local:data/raw/Green Crab AI 2026,IMG_2585.jpeg,Grace Welles; Gabriela Bradt,unknown,unknown,shade,hand,partial,unknown,none,male,unknown,,,,unknown,low,unknown,,,No filtered YOLO crab detection; molt estimate not run. View angle is provisional; repo has no side-view classifier.,new,orientation_classifier_low_confidence_or_uncertain,ViT-B/16 ImageNet features + LogisticRegression on data/sam3_orientation; side is a bbox-aspect heuristic,0.9869,user_field_note_blue_cooler_all_male; no sex classifier found in repo,not_estimated,not_run_no_filtered_yolo_detection,models/fathomnet_mvp_yolov8_1280_20240914.pt,0,0,,,
2026-05-29,blue_cooler,2026-05-29_blue_cooler_IMG_2586,local:data/raw/Green Crab AI 2026,IMG_2586.jpeg,Grace Welles; Gabriela Bradt,unknown,unknown,shade,hand,partial,unknown,none,male,unknown,,,,unknown,low,unknown,,,No filtered YOLO crab detection; molt estimate not run. View angle is provisional; repo has no side-view classifier.,new,orientation_classifier_low_confidence_or_uncertain,ViT-B/16 ImageNet features + LogisticRegression on data/sam3_orientation; side is a bbox-aspect heuristic,0.9873,user_field_note_blue_cooler_all_male; no sex classifier found in repo,not_estimated,not_run_no_filtered_yolo_detection,models/fathomnet_mvp_yolov8_1280_20240914.pt,0,0,,,
2026-05-29,blue_cooler,2026-05-29_blue_cooler_IMG_2587,local:data/raw/Green Crab AI 2026,IMG_2587.jpeg,Grace Welles; Gabriela Bradt,unknown,unknown,shade,hand,partial,unknown,none,male,unknown,,,,unknown,low,unknown,,,No filtered YOLO crab detection; molt estimate not run. View angle is provisional; repo has no side-view classifier.,new,orientation_classifier_low_confidence_or_uncertain,ViT-B/16 ImageNet features + LogisticRegression on data/sam3_orientation; side is a bbox-aspect heuristic,0.5102,user_field_note_blue_cooler_all_male; no sex classifier found in repo,not_estimated,not_run_no_filtered_yolo_detection,models/fathomnet_mvp_yolov8_1280_20240914.pt,0,0,,,
2026-05-29,blue_cooler,2026-05-29_blue_cooler_IMG_2588,local:data/raw/Green Crab AI 2026,IMG_2588.jpeg,Grace Welles; Gabriela Bradt,unknown,close_under_6in,shade,hand,1,partially_cut_off,none,male,unknown,,,8.572,pre_molt,high,unknown,,,View angle is provisional; repo has no side-view classifier.,new,orientation_classifier_low_confidence_or_uncertain,ViT-B/16 ImageNet features + LogisticRegression on data/sam3_orientation; side is a bbox-aspect heuristic,0.8859,user_field_note_blue_cooler_all_male; no sex classifier found in repo,not_estimated,best_vit_regressor.joblib_on_yolo_primary_crop,models/fathomnet_mvp_yolov8_1280_20240914.pt,1,1,0.4417,0.7156,0.992
2026-05-29,blue_cooler,2026-05-29_blue_cooler_IMG_2589,local:data/raw/Green Crab AI 2026,IMG_2589.jpeg,Grace Welles; Gabriela Bradt,unknown,close_under_6in,shade,hand,1,partially_cut_off,none,male,unknown,,,8.607,pre_molt,high,unknown,,,View angle is provisional; repo has no side-view classifier.,new,orientation_classifier_low_confidence_or_uncertain,ViT-B/16 ImageNet features + LogisticRegression on data/sam3_orientation; side is a bbox-aspect heuristic,0.9993,user_field_note_blue_cooler_all_male; no sex classifier found in repo,not_estimated,best_vit_regressor.joblib_on_yolo_primary_crop,models/fathomnet_mvp_yolov8_1280_20240914.pt,1,1,0.5182,0.70963,1.02
2026-05-29,blue_cooler,2026-05-29_blue_cooler_IMG_2591,local:data/raw/Green Crab AI 2026,IMG_2591.jpeg,Grace Welles; Gabriela Bradt,unknown,close_under_6in,shade,hand,1,partially_cut_off,none,male,unknown,,,8.9,pre_molt,high,unknown,,,View angle is provisional; repo has no side-view classifier.,new,orientation_classifier_low_confidence_or_uncertain,ViT-B/16 ImageNet features + LogisticRegression on data/sam3_orientation; side is a bbox-aspect heuristic,0.7378,user_field_note_blue_cooler_all_male; no sex classifier found in repo,not_estimated,best_vit_regressor.joblib_on_yolo_primary_crop,models/fathomnet_mvp_yolov8_1280_20240914.pt,1,1,0.2921,0.62582,1.151
2026-05-29,blue_cooler,2026-05-29_blue_cooler_IMG_2592,local:data/raw/Green Crab AI 2026,IMG_2592.jpeg,Grace Welles; Gabriela Bradt,unknown,unknown,shade,hand,partial,unknown,none,male,unknown,,,,unknown,low,unknown,,,No filtered YOLO crab detection; molt estimate not run. View angle is provisional; repo has no side-view classifier.,new,orientation_classifier_low_confidence_or_uncertain,ViT-B/16 ImageNet features + LogisticRegression on data/sam3_orientation; side is a bbox-aspect heuristic,0.6865,user_field_note_blue_cooler_all_male; no sex classifier found in repo,not_estimated,not_run_no_filtered_yolo_detection,models/fathomnet_mvp_yolov8_1280_20240914.pt,0,0,,,
2026-05-29,blue_cooler,2026-05-29_blue_cooler_IMG_2593,local:data/raw/Green Crab AI 2026,IMG_2593.jpeg,Grace Welles; Gabriela Bradt,unknown,unknown,shade,hand,partial,unknown,none,male,unknown,,,,unknown,low,unknown,,,No filtered YOLO crab detection; molt estimate not run. View angle is provisional; repo has no side-view classifier.,new,orientation_classifier_low_confidence_or_uncertain,ViT-B/16 ImageNet features + LogisticRegression on data/sam3_orientation; side is a bbox-aspect heuristic,0.9867,user_field_note_blue_cooler_all_male; no sex classifier found in repo,not_estimated,not_run_no_filtered_yolo_detection,models/fathomnet_mvp_yolov8_1280_20240914.pt,0,0,,,
2026-05-29,blue_cooler,2026-05-29_blue_cooler_IMG_2595,local:data/raw/Green Crab AI 2026,IMG_2595.jpeg,Grace Welles; Gabriela Bradt,unknown,unknown,shade,hand,partial,unknown,none,male,unknown,,,,unknown,low,unknown,,,No filtered YOLO crab detection; molt estimate not run. View angle is provisional; repo has no side-view classifier.,new,orientation_classifier_low_confidence_or_uncertain,ViT-B/16 ImageNet features + LogisticRegression on data/sam3_orientation; side is a bbox-aspect heuristic,0.647,user_field_note_blue_cooler_all_male; no sex classifier found in repo,not_estimated,not_run_no_filtered_yolo_detection,models/fathomnet_mvp_yolov8_1280_20240914.pt,0,0,,,
2026-05-29,blue_cooler,2026-05-29_blue_cooler_IMG_2596,local:data/raw/Green Crab AI 2026,IMG_2596.jpeg,Grace Welles; Gabriela Bradt,ventral,unknown,shade,hand,partial,unknown,none,male,unknown,,,,unknown,low,unknown,,,No filtered YOLO crab detection; molt estimate not run.,new,vit_logistic_regression_trained_on_data_sam3_orientation,ViT-B/16 ImageNet features + LogisticRegression on data/sam3_orientation; side is a bbox-aspect heuristic,0.6698,user_field_note_blue_cooler_all_male; no sex classifier found in repo,not_estimated,not_run_no_filtered_yolo_detection,models/fathomnet_mvp_yolov8_1280_20240914.pt,0,0,,,
2026-05-29,blue_cooler,2026-05-29_blue_cooler_IMG_2597,local:data/raw/Green Crab AI 2026,IMG_2597.jpeg,Grace Welles; Gabriela Bradt,unknown,unknown,shade,hand,partial,unknown,none,male,unknown,,,,unknown,low,unknown,,,No filtered YOLO crab detection; molt estimate not run. View angle is provisional; repo has no side-view classifier.,new,orientation_classifier_low_confidence_or_uncertain,ViT-B/16 ImageNet features + LogisticRegression on data/sam3_orientation; side is a bbox-aspect heuristic,0.9955,user_field_note_blue_cooler_all_male; no sex classifier found in repo,not_estimated,not_run_no_filtered_yolo_detection,models/fathomnet_mvp_yolov8_1280_20240914.pt,0,0,,,
2026-05-29,blue_cooler,2026-05-29_blue_cooler_IMG_2599,local:data/raw/Green Crab AI 2026,IMG_2599.jpeg,Grace Welles; Gabriela Bradt,unknown,unknown,shade,hand,partial,unknown,none,male,unknown,,,,unknown,low,unknown,,,No filtered YOLO crab detection; molt estimate not run. View angle is provisional; repo has no side-view classifier.,new,orientation_classifier_low_confidence_or_uncertain,ViT-B/16 ImageNet features + LogisticRegression on data/sam3_orientation; side is a bbox-aspect heuristic,0.938,user_field_note_blue_cooler_all_male; no sex classifier found in repo,not_estimated,not_run_no_filtered_yolo_detection,models/fathomnet_mvp_yolov8_1280_20240914.pt,0,0,,,
2026-05-29,blue_cooler,2026-05-29_blue_cooler_IMG_2600,local:data/raw/Green Crab AI 2026,IMG_2600.jpeg,Grace Welles; Gabriela Bradt,unknown,unknown,shade,hand,partial,unknown,none,male,unknown,,,,unknown,low,unknown,,,No filtered YOLO crab detection; molt estimate not run. View angle is provisional; repo has no side-view classifier.,new,orientation_classifier_low_confidence_or_uncertain,ViT-B/16 ImageNet features + LogisticRegression on data/sam3_orientation; side is a bbox-aspect heuristic,0.6177,user_field_note_blue_cooler_all_male; no sex classifier found in repo,not_estimated,not_run_no_filtered_yolo_detection,models/fathomnet_mvp_yolov8_1280_20240914.pt,0,0,,,
2026-05-29,blue_cooler,2026-05-29_blue_cooler_IMG_2601,local:data/raw/Green Crab AI 2026,IMG_2601.jpeg,Grace Welles; Gabriela Bradt,unknown,unknown,shade,hand,partial,unknown,none,male,unknown,,,,unknown,low,unknown,,,No filtered YOLO crab detection; molt estimate not run. View angle is provisional; repo has no side-view classifier.,new,orientation_classifier_low_confidence_or_uncertain,ViT-B/16 ImageNet features + LogisticRegression on data/sam3_orientation; side is a bbox-aspect heuristic,0.9863,user_field_note_blue_cooler_all_male; no sex classifier found in repo,not_estimated,not_run_no_filtered_yolo_detection,models/fathomnet_mvp_yolov8_1280_20240914.pt,0,0,,,
2026-05-29,blue_cooler,2026-05-29_blue_cooler_IMG_2603,local:data/raw/Green Crab AI 2026,IMG_2603.jpeg,Grace Welles; Gabriela Bradt,unknown,unknown,shade,hand,partial,unknown,none,male,unknown,,,,unknown,low,unknown,,,No filtered YOLO crab detection; molt estimate not run. View angle is provisional; repo has no side-view classifier.,new,orientation_classifier_low_confidence_or_uncertain,ViT-B/16 ImageNet features + LogisticRegression on data/sam3_orientation; side is a bbox-aspect heuristic,0.9785,user_field_note_blue_cooler_all_male; no sex classifier found in repo,not_estimated,not_run_no_filtered_yolo_detection,models/fathomnet_mvp_yolov8_1280_20240914.pt,1,0,,,
2026-05-29,blue_cooler,2026-05-29_blue_cooler_IMG_2604,local:data/raw/Green Crab AI 2026,IMG_2604.jpeg,Grace Welles; Gabriela Bradt,ventral,unknown,shade,hand,partial,unknown,none,male,unknown,,,,unknown,low,unknown,,,No filtered YOLO crab detection; molt estimate not run.,new,vit_logistic_regression_trained_on_data_sam3_orientation,ViT-B/16 ImageNet features + LogisticRegression on data/sam3_orientation; side is a bbox-aspect heuristic,0.8186,user_field_note_blue_cooler_all_male; no sex classifier found in repo,not_estimated,not_run_no_filtered_yolo_detection,models/fathomnet_mvp_yolov8_1280_20240914.pt,0,0,,,
2026-05-29,blue_cooler,2026-05-29_blue_cooler_IMG_2605,local:data/raw/Green Crab AI 2026,IMG_2605.jpeg,Grace Welles; Gabriela Bradt,unknown,unknown,shade,hand,partial,unknown,none,male,unknown,,,,unknown,low,unknown,,,No filtered YOLO crab detection; molt estimate not run. View angle is provisional; repo has no side-view classifier.,new,orientation_classifier_low_confidence_or_uncertain,ViT-B/16 ImageNet features + LogisticRegression on data/sam3_orientation; side is a bbox-aspect heuristic,0.9829,user_field_note_blue_cooler_all_male; no sex classifier found in repo,not_estimated,not_run_no_filtered_yolo_detection,models/fathomnet_mvp_yolov8_1280_20240914.pt,0,0,,,
2026-05-29,blue_cooler,2026-05-29_blue_cooler_IMG_2606,local:data/raw/Green Crab AI 2026,IMG_2606.jpeg,Grace Welles; Gabriela Bradt,unknown,unknown,shade,hand,partial,unknown,none,male,unknown,,,,unknown,low,unknown,,,No filtered YOLO crab detection; molt estimate not run. View angle is provisional; repo has no side-view classifier.,new,orientation_classifier_low_confidence_or_uncertain,ViT-B/16 ImageNet features + LogisticRegression on data/sam3_orientation; side is a bbox-aspect heuristic,0.9572,user_field_note_blue_cooler_all_male; no sex classifier found in repo,not_estimated,not_run_no_filtered_yolo_detection,models/fathomnet_mvp_yolov8_1280_20240914.pt,0,0,,,
2026-05-29,blue_cooler,2026-05-29_blue_cooler_IMG_2607,local:data/raw/Green Crab AI 2026,IMG_2607.jpeg,Grace Welles; Gabriela Bradt,unknown,unknown,shade,hand,partial,unknown,none,male,unknown,,,,unknown,low,unknown,,,No filtered YOLO crab detection; molt estimate not run. View angle is provisional; repo has no side-view classifier.,new,orientation_classifier_low_confidence_or_uncertain,ViT-B/16 ImageNet features + LogisticRegression on data/sam3_orientation; side is a bbox-aspect heuristic,0.9867,user_field_note_blue_cooler_all_male; no sex classifier found in repo,not_estimated,not_run_no_filtered_yolo_detection,models/fathomnet_mvp_yolov8_1280_20240914.pt,1,0,,,
2026-05-29,blue_cooler,2026-05-29_blue_cooler_IMG_2608,local:data/raw/Green Crab AI 2026,IMG_2608.jpeg,Grace Welles; Gabriela Bradt,ventral,unknown,shade,hand,partial,unknown,none,male,unknown,,,,unknown,low,unknown,,,No filtered YOLO crab detection; molt estimate not run.,new,vit_logistic_regression_trained_on_data_sam3_orientation,ViT-B/16 ImageNet features + LogisticRegression on data/sam3_orientation; side is a bbox-aspect heuristic,0.6794,user_field_note_blue_cooler_all_male; no sex classifier found in repo,not_estimated,not_run_no_filtered_yolo_detection,models/fathomnet_mvp_yolov8_1280_20240914.pt,0,0,,,
2026-05-29,blue_cooler,2026-05-29_blue_cooler_IMG_2609,local:data/raw/Green Crab AI 2026,IMG_2609.jpeg,Grace Welles; Gabriela Bradt,unknown,unknown,shade,hand,partial,unknown,none,male,unknown,,,,unknown,low,unknown,,,No filtered YOLO crab detection; molt estimate not run. View angle is provisional; repo has no side-view classifier.,new,orientation_classifier_low_confidence_or_uncertain,ViT-B/16 ImageNet features + LogisticRegression on data/sam3_orientation; side is a bbox-aspect heuristic,0.9415,user_field_note_blue_cooler_all_male; no sex classifier found in repo,not_estimated,not_run_no_filtered_yolo_detection,models/fathomnet_mvp_yolov8_1280_20240914.pt,1,0,,,
2026-05-29,blue_cooler,2026-05-29_blue_cooler_IMG_2610,local:data/raw/Green Crab AI 2026,IMG_2610.jpeg,Grace Welles; Gabriela Bradt,unknown,unknown,shade,hand,partial,unknown,none,male,unknown,,,,unknown,low,unknown,,,No filtered YOLO crab detection; molt estimate not run. View angle is provisional; repo has no side-view classifier.,new,orientation_classifier_low_confidence_or_uncertain,ViT-B/16 ImageNet features + LogisticRegression on data/sam3_orientation; side is a bbox-aspect heuristic,0.9745,user_field_note_blue_cooler_all_male; no sex classifier found in repo,not_estimated,not_run_no_filtered_yolo_detection,models/fathomnet_mvp_yolov8_1280_20240914.pt,0,0,,,
2026-05-29,blue_cooler,2026-05-29_blue_cooler_IMG_2611,local:data/raw/Green Crab AI 2026,IMG_2611.jpeg,Grace Welles; Gabriela Bradt,unknown,unknown,shade,hand,partial,unknown,none,male,unknown,,,,unknown,low,unknown,,,No filtered YOLO crab detection; molt estimate not run. View angle is provisional; repo has no side-view classifier.,new,orientation_classifier_low_confidence_or_uncertain,ViT-B/16 ImageNet features + LogisticRegression on data/sam3_orientation; side is a bbox-aspect heuristic,0.9238,user_field_note_blue_cooler_all_male; no sex classifier found in repo,not_estimated,not_run_no_filtered_yolo_detection,models/fathomnet_mvp_yolov8_1280_20240914.pt,0,0,,,
2026-05-29,blue_cooler,2026-05-29_blue_cooler_IMG_2612,local:data/raw/Green Crab AI 2026,IMG_2612.jpeg,Grace Welles; Gabriela Bradt,unknown,close_under_6in,shade,hand,multiple,partially_cut_off,none,male,unknown,,,16.983,intermolt,high,unknown,,,Multiple filtered crab detections; primary detection selected automatically. View angle is provisional; repo has no side-view classifier.,new,orientation_classifier_low_confidence_or_uncertain,ViT-B/16 ImageNet features + LogisticRegression on data/sam3_orientation; side is a bbox-aspect heuristic,0.9256,user_field_note_blue_cooler_all_male; no sex classifier found in repo,not_estimated,best_vit_regressor.joblib_on_yolo_primary_crop,models/fathomnet_mvp_yolov8_1280_20240914.pt,3,2,0.4522,0.72097,1.005
2026-05-29,blue_cooler,2026-05-29_blue_cooler_IMG_2613,local:data/raw/Green Crab AI 2026,IMG_2613.jpeg,Grace Welles; Gabriela Bradt,ventral,unknown,shade,hand,partial,unknown,none,male,unknown,,,,unknown,low,unknown,,,No filtered YOLO crab detection; molt estimate not run.,new,vit_logistic_regression_trained_on_data_sam3_orientation,ViT-B/16 ImageNet features + LogisticRegression on data/sam3_orientation; side is a bbox-aspect heuristic,0.9987,user_field_note_blue_cooler_all_male; no sex classifier found in repo,not_estimated,not_run_no_filtered_yolo_detection,models/fathomnet_mvp_yolov8_1280_20240914.pt,0,0,,,
2026-05-29,blue_cooler,2026-05-29_blue_cooler_IMG_2614,local:data/raw/Green Crab AI 2026,IMG_2614.jpeg,Grace Welles; Gabriela Bradt,ventral,unknown,shade,hand,partial,unknown,none,male,unknown,,,,unknown,low,unknown,,,No filtered YOLO crab detection; molt estimate not run.,new,vit_logistic_regression_trained_on_data_sam3_orientation,ViT-B/16 ImageNet features + LogisticRegression on data/sam3_orientation; side is a bbox-aspect heuristic,0.9948,user_field_note_blue_cooler_all_male; no sex classifier found in repo,not_estimated,not_run_no_filtered_yolo_detection,models/fathomnet_mvp_yolov8_1280_20240914.pt,0,0,,,
2026-05-29,blue_cooler,2026-05-29_blue_cooler_IMG_2615,local:data/raw/Green Crab AI 2026,IMG_2615.jpeg,Grace Welles; Gabriela Bradt,unknown,unknown,shade,hand,partial,unknown,none,male,unknown,,,,unknown,low,unknown,,,No filtered YOLO crab detection; molt estimate not run. View angle is provisional; repo has no side-view classifier.,new,orientation_classifier_low_confidence_or_uncertain,ViT-B/16 ImageNet features + LogisticRegression on data/sam3_orientation; side is a bbox-aspect heuristic,0.8512,user_field_note_blue_cooler_all_male; no sex classifier found in repo,not_estimated,not_run_no_filtered_yolo_detection,models/fathomnet_mvp_yolov8_1280_20240914.pt,0,0,,,
2026-05-29,blue_cooler,2026-05-29_blue_cooler_IMG_2616,local:data/raw/Green Crab AI 2026,IMG_2616.jpeg,Grace Welles; Gabriela Bradt,ventral,unknown,shade,hand,partial,unknown,none,male,unknown,,,,unknown,low,unknown,,,No filtered YOLO crab detection; molt estimate not run.,new,vit_logistic_regression_trained_on_data_sam3_orientation,ViT-B/16 ImageNet features + LogisticRegression on data/sam3_orientation; side is a bbox-aspect heuristic,0.6439,user_field_note_blue_cooler_all_male; no sex classifier found in repo,not_estimated,not_run_no_filtered_yolo_detection,models/fathomnet_mvp_yolov8_1280_20240914.pt,0,0,,,
2026-05-29,blue_cooler,2026-05-29_blue_cooler_IMG_2617,local:data/raw/Green Crab AI 2026,IMG_2617.jpeg,Grace Welles; Gabriela Bradt,ventral,unknown,shade,hand,partial,unknown,none,male,unknown,,,,unknown,low,unknown,,,No filtered YOLO crab detection; molt estimate not run.,new,vit_logistic_regression_trained_on_data_sam3_orientation,ViT-B/16 ImageNet features + LogisticRegression on data/sam3_orientation; side is a bbox-aspect heuristic,0.9487,user_field_note_blue_cooler_all_male; no sex classifier found in repo,not_estimated,not_run_no_filtered_yolo_detection,models/fathomnet_mvp_yolov8_1280_20240914.pt,0,0,,,
2026-05-29,blue_cooler,2026-05-29_blue_cooler_IMG_2618,local:data/raw/Green Crab AI 2026,IMG_2618.jpeg,Grace Welles; Gabriela Bradt,ventral,unknown,shade,hand,partial,unknown,none,male,unknown,,,,unknown,low,unknown,,,No filtered YOLO crab detection; molt estimate not run.,new,vit_logistic_regression_trained_on_data_sam3_orientation,ViT-B/16 ImageNet features + LogisticRegression on data/sam3_orientation; side is a bbox-aspect heuristic,0.6962,user_field_note_blue_cooler_all_male; no sex classifier found in repo,not_estimated,not_run_no_filtered_yolo_detection,models/fathomnet_mvp_yolov8_1280_20240914.pt,0,0,,,
2026-05-29,blue_cooler,2026-05-29_blue_cooler_IMG_2619,local:data/raw/Green Crab AI 2026,IMG_2619.jpeg,Grace Welles; Gabriela Bradt,unknown,unknown,shade,hand,partial,unknown,none,male,unknown,,,,unknown,low,unknown,,,No filtered YOLO crab detection; molt estimate not run. View angle is provisional; repo has no side-view classifier.,new,orientation_classifier_low_confidence_or_uncertain,ViT-B/16 ImageNet features + LogisticRegression on data/sam3_orientation; side is a bbox-aspect heuristic,0.9535,user_field_note_blue_cooler_all_male; no sex classifier found in repo,not_estimated,not_run_no_filtered_yolo_detection,models/fathomnet_mvp_yolov8_1280_20240914.pt,1,0,,,
2026-05-29,blue_cooler,2026-05-29_blue_cooler_IMG_2620,local:data/raw/Green Crab AI 2026,IMG_2620.jpeg,Grace Welles; Gabriela Bradt,unknown,unknown,shade,hand,partial,unknown,none,male,unknown,,,,unknown,low,unknown,,,No filtered YOLO crab detection; molt estimate not run. View angle is provisional; repo has no side-view classifier.,new,orientation_classifier_low_confidence_or_uncertain,ViT-B/16 ImageNet features + LogisticRegression on data/sam3_orientation; side is a bbox-aspect heuristic,0.9168,user_field_note_blue_cooler_all_male; no sex classifier found in repo,not_estimated,not_run_no_filtered_yolo_detection,models/fathomnet_mvp_yolov8_1280_20240914.pt,1,0,,,
2026-05-29,blue_cooler,2026-05-29_blue_cooler_IMG_2621,local:data/raw/Green Crab AI 2026,IMG_2621.jpeg,Grace Welles; Gabriela Bradt,unknown,unknown,shade,hand,partial,unknown,none,male,unknown,,,,unknown,low,unknown,,,No filtered YOLO crab detection; molt estimate not run. View angle is provisional; repo has no side-view classifier.,new,orientation_classifier_low_confidence_or_uncertain,ViT-B/16 ImageNet features + LogisticRegression on data/sam3_orientation; side is a bbox-aspect heuristic,0.8744,user_field_note_blue_cooler_all_male; no sex classifier found in repo,not_estimated,not_run_no_filtered_yolo_detection,models/fathomnet_mvp_yolov8_1280_20240914.pt,0,0,,,
2026-05-29,blue_cooler,2026-05-29_blue_cooler_IMG_2622,local:data/raw/Green Crab AI 2026,IMG_2622.jpeg,Grace Welles; Gabriela Bradt,unknown,unknown,shade,hand,partial,unknown,none,male,unknown,,,,unknown,low,unknown,,,No filtered YOLO crab detection; molt estimate not run. View angle is provisional; repo has no side-view classifier.,new,orientation_classifier_low_confidence_or_uncertain,ViT-B/16 ImageNet features + LogisticRegression on data/sam3_orientation; side is a bbox-aspect heuristic,0.6748,user_field_note_blue_cooler_all_male; no sex classifier found in repo,not_estimated,not_run_no_filtered_yolo_detection,models/fathomnet_mvp_yolov8_1280_20240914.pt,1,0,,,
2026-05-29,blue_cooler,2026-05-29_blue_cooler_IMG_2623,local:data/raw/Green Crab AI 2026,IMG_2623.jpeg,Grace Welles; Gabriela Bradt,ventral,unknown,shade,hand,partial,unknown,none,male,unknown,,,,unknown,low,unknown,,,No filtered YOLO crab detection; molt estimate not run.,new,vit_logistic_regression_trained_on_data_sam3_orientation,ViT-B/16 ImageNet features + LogisticRegression on data/sam3_orientation; side is a bbox-aspect heuristic,0.8693,user_field_note_blue_cooler_all_male; no sex classifier found in repo,not_estimated,not_run_no_filtered_yolo_detection,models/fathomnet_mvp_yolov8_1280_20240914.pt,0,0,,,
2026-05-29,blue_cooler,2026-05-29_blue_cooler_IMG_2624,local:data/raw/Green Crab AI 2026,IMG_2624.jpeg,Grace Welles; Gabriela Bradt,unknown,unknown,shade,hand,partial,unknown,none,male,unknown,,,,unknown,low,unknown,,,No filtered YOLO crab detection; molt estimate not run. View angle is provisional; repo has no side-view classifier.,new,orientation_classifier_low_confidence_or_uncertain,ViT-B/16 ImageNet features + LogisticRegression on data/sam3_orientation; side is a bbox-aspect heuristic,0.8788,user_field_note_blue_cooler_all_male; no sex classifier found in repo,not_estimated,not_run_no_filtered_yolo_detection,models/fathomnet_mvp_yolov8_1280_20240914.pt,0,0,,,
2026-05-29,blue_cooler,2026-05-29_blue_cooler_IMG_2625,local:data/raw/Green Crab AI 2026,IMG_2625.jpeg,Grace Welles; Gabriela Bradt,unknown,unknown,shade,hand,partial,unknown,none,male,unknown,,,,unknown,low,unknown,,,No filtered YOLO crab detection; molt estimate not run. View angle is provisional; repo has no side-view classifier.,new,orientation_classifier_low_confidence_or_uncertain,ViT-B/16 ImageNet features + LogisticRegression on data/sam3_orientation; side is a bbox-aspect heuristic,0.9174,user_field_note_blue_cooler_all_male; no sex classifier found in repo,not_estimated,not_run_no_filtered_yolo_detection,models/fathomnet_mvp_yolov8_1280_20240914.pt,1,0,,,
2026-05-29,blue_cooler,2026-05-29_blue_cooler_IMG_2626,local:data/raw/Green Crab AI 2026,IMG_2626.jpeg,Grace Welles; Gabriela Bradt,ventral,unknown,shade,hand,partial,unknown,none,male,unknown,,,,unknown,low,unknown,,,No filtered YOLO crab detection; molt estimate not run.,new,vit_logistic_regression_trained_on_data_sam3_orientation,ViT-B/16 ImageNet features + LogisticRegression on data/sam3_orientation; side is a bbox-aspect heuristic,0.9925,user_field_note_blue_cooler_all_male; no sex classifier found in repo,not_estimated,not_run_no_filtered_yolo_detection,models/fathomnet_mvp_yolov8_1280_20240914.pt,0,0,,,
2026-05-29,blue_cooler,2026-05-29_blue_cooler_IMG_2627,local:data/raw/Green Crab AI 2026,IMG_2627.jpeg,Grace Welles; Gabriela Bradt,unknown,unknown,shade,hand,partial,unknown,none,male,unknown,,,,unknown,low,unknown,,,No filtered YOLO crab detection; molt estimate not run. View angle is provisional; repo has no side-view classifier.,new,orientation_classifier_low_confidence_or_uncertain,ViT-B/16 ImageNet features + LogisticRegression on data/sam3_orientation; side is a bbox-aspect heuristic,0.9463,user_field_note_blue_cooler_all_male; no sex classifier found in repo,not_estimated,not_run_no_filtered_yolo_detection,models/fathomnet_mvp_yolov8_1280_20240914.pt,0,0,,,
2026-05-29,blue_cooler,2026-05-29_blue_cooler_IMG_2628,local:data/raw/Green Crab AI 2026,IMG_2628.jpeg,Grace Welles; Gabriela Bradt,unknown,unknown,shade,hand,partial,unknown,none,male,unknown,,,,unknown,low,unknown,,,No filtered YOLO crab detection; molt estimate not run. View angle is provisional; repo has no side-view classifier.,new,orientation_classifier_low_confidence_or_uncertain,ViT-B/16 ImageNet features + LogisticRegression on data/sam3_orientation; side is a bbox-aspect heuristic,0.5814,user_field_note_blue_cooler_all_male; no sex classifier found in repo,not_estimated,not_run_no_filtered_yolo_detection,models/fathomnet_mvp_yolov8_1280_20240914.pt,0,0,,,
2026-05-29,blue_cooler,2026-05-29_blue_cooler_IMG_2629,local:data/raw/Green Crab AI 2026,IMG_2629.jpeg,Grace Welles; Gabriela Bradt,unknown,unknown,shade,hand,partial,unknown,none,male,unknown,,,,unknown,low,unknown,,,No filtered YOLO crab detection; molt estimate not run. View angle is provisional; repo has no side-view classifier.,new,orientation_classifier_low_confidence_or_uncertain,ViT-B/16 ImageNet features + LogisticRegression on data/sam3_orientation; side is a bbox-aspect heuristic,0.9835,user_field_note_blue_cooler_all_male; no sex classifier found in repo,not_estimated,not_run_no_filtered_yolo_detection,models/fathomnet_mvp_yolov8_1280_20240914.pt,0,0,,,
2026-05-29,blue_cooler,2026-05-29_blue_cooler_IMG_2630,local:data/raw/Green Crab AI 2026,IMG_2630.jpeg,Grace Welles; Gabriela Bradt,unknown,unknown,shade,hand,partial,unknown,none,male,unknown,,,,unknown,low,unknown,,,No filtered YOLO crab detection; molt estimate not run. View angle is provisional; repo has no side-view classifier.,new,orientation_classifier_low_confidence_or_uncertain,ViT-B/16 ImageNet features + LogisticRegression on data/sam3_orientation; side is a bbox-aspect heuristic,0.8291,user_field_note_blue_cooler_all_male; no sex classifier found in repo,not_estimated,not_run_no_filtered_yolo_detection,models/fathomnet_mvp_yolov8_1280_20240914.pt,1,0,,,
2026-05-29,blue_cooler,2026-05-29_blue_cooler_IMG_2631,local:data/raw/Green Crab AI 2026,IMG_2631.jpeg,Grace Welles; Gabriela Bradt,unknown,unknown,shade,hand,partial,unknown,none,male,unknown,,,,unknown,low,unknown,,,No filtered YOLO crab detection; molt estimate not run. View angle is provisional; repo has no side-view classifier.,new,orientation_classifier_low_confidence_or_uncertain,ViT-B/16 ImageNet features + LogisticRegression on data/sam3_orientation; side is a bbox-aspect heuristic,0.932,user_field_note_blue_cooler_all_male; no sex classifier found in repo,not_estimated,not_run_no_filtered_yolo_detection,models/fathomnet_mvp_yolov8_1280_20240914.pt,0,0,,,
2026-05-29,blue_cooler,2026-05-29_blue_cooler_IMG_2632,local:data/raw/Green Crab AI 2026,IMG_2632.jpeg,Grace Welles; Gabriela Bradt,unknown,unknown,shade,hand,partial,unknown,none,male,unknown,,,,unknown,low,unknown,,,No filtered YOLO crab detection; molt estimate not run. View angle is provisional; repo has no side-view classifier.,new,orientation_classifier_low_confidence_or_uncertain,ViT-B/16 ImageNet features + LogisticRegression on data/sam3_orientation; side is a bbox-aspect heuristic,0.9918,user_field_note_blue_cooler_all_male; no sex classifier found in repo,not_estimated,not_run_no_filtered_yolo_detection,models/fathomnet_mvp_yolov8_1280_20240914.pt,0,0,,,
2026-05-29,blue_cooler,2026-05-29_blue_cooler_IMG_2633,local:data/raw/Green Crab AI 2026,IMG_2633.jpeg,Grace Welles; Gabriela Bradt,ventral,unknown,shade,hand,partial,unknown,none,male,unknown,,,,unknown,low,unknown,,,No filtered YOLO crab detection; molt estimate not run.,new,vit_logistic_regression_trained_on_data_sam3_orientation,ViT-B/16 ImageNet features + LogisticRegression on data/sam3_orientation; side is a bbox-aspect heuristic,0.9986,user_field_note_blue_cooler_all_male; no sex classifier found in repo,not_estimated,not_run_no_filtered_yolo_detection,models/fathomnet_mvp_yolov8_1280_20240914.pt,1,0,,,
2026-05-29,blue_cooler,2026-05-29_blue_cooler_IMG_2634,local:data/raw/Green Crab AI 2026,IMG_2634.jpeg,Grace Welles; Gabriela Bradt,unknown,unknown,shade,hand,partial,unknown,none,male,unknown,,,,unknown,low,unknown,,,No filtered YOLO crab detection; molt estimate not run. View angle is provisional; repo has no side-view classifier.,new,orientation_classifier_low_confidence_or_uncertain,ViT-B/16 ImageNet features + LogisticRegression on data/sam3_orientation; side is a bbox-aspect heuristic,0.9643,user_field_note_blue_cooler_all_male; no sex classifier found in repo,not_estimated,not_run_no_filtered_yolo_detection,models/fathomnet_mvp_yolov8_1280_20240914.pt,0,0,,,
2026-05-29,blue_cooler,2026-05-29_blue_cooler_IMG_2635,local:data/raw/Green Crab AI 2026,IMG_2635.jpeg,Grace Welles; Gabriela Bradt,unknown,unknown,shade,hand,partial,unknown,none,male,unknown,,,,unknown,low,unknown,,,No filtered YOLO crab detection; molt estimate not run. View angle is provisional; repo has no side-view classifier.,new,orientation_classifier_low_confidence_or_uncertain,ViT-B/16 ImageNet features + LogisticRegression on data/sam3_orientation; side is a bbox-aspect heuristic,0.6587,user_field_note_blue_cooler_all_male; no sex classifier found in repo,not_estimated,not_run_no_filtered_yolo_detection,models/fathomnet_mvp_yolov8_1280_20240914.pt,0,0,,,
2026-05-29,blue_cooler,2026-05-29_blue_cooler_IMG_2636,local:data/raw/Green Crab AI 2026,IMG_2636.jpeg,Grace Welles; Gabriela Bradt,unknown,unknown,shade,hand,partial,unknown,none,male,unknown,,,,unknown,low,unknown,,,No filtered YOLO crab detection; molt estimate not run. View angle is provisional; repo has no side-view classifier.,new,orientation_classifier_low_confidence_or_uncertain,ViT-B/16 ImageNet features + LogisticRegression on data/sam3_orientation; side is a bbox-aspect heuristic,0.5765,user_field_note_blue_cooler_all_male; no sex classifier found in repo,not_estimated,not_run_no_filtered_yolo_detection,models/fathomnet_mvp_yolov8_1280_20240914.pt,0,0,,,
2026-05-29,blue_cooler,2026-05-29_blue_cooler_IMG_2637,local:data/raw/Green Crab AI 2026,IMG_2637.jpeg,Grace Welles; Gabriela Bradt,unknown,unknown,shade,hand,partial,unknown,none,male,unknown,,,,unknown,low,unknown,,,No filtered YOLO crab detection; molt estimate not run. View angle is provisional; repo has no side-view classifier.,new,orientation_classifier_low_confidence_or_uncertain,ViT-B/16 ImageNet features + LogisticRegression on data/sam3_orientation; side is a bbox-aspect heuristic,0.9927,user_field_note_blue_cooler_all_male; no sex classifier found in repo,not_estimated,not_run_no_filtered_yolo_detection,models/fathomnet_mvp_yolov8_1280_20240914.pt,0,0,,,
2026-05-29,blue_cooler,2026-05-29_blue_cooler_IMG_2638,local:data/raw/Green Crab AI 2026,IMG_2638.jpeg,Grace Welles; Gabriela Bradt,ventral,unknown,shade,hand,partial,unknown,none,male,unknown,,,,unknown,low,unknown,,,No filtered YOLO crab detection; molt estimate not run.,new,vit_logistic_regression_trained_on_data_sam3_orientation,ViT-B/16 ImageNet features + LogisticRegression on data/sam3_orientation; side is a bbox-aspect heuristic,0.9884,user_field_note_blue_cooler_all_male; no sex classifier found in repo,not_estimated,not_run_no_filtered_yolo_detection,models/fathomnet_mvp_yolov8_1280_20240914.pt,0,0,,,
2026-05-29,blue_cooler,2026-05-29_blue_cooler_IMG_2639,local:data/raw/Green Crab AI 2026,IMG_2639.jpeg,Grace Welles; Gabriela Bradt,ventral,unknown,shade,hand,partial,unknown,none,male,unknown,,,,unknown,low,unknown,,,No filtered YOLO crab detection; molt estimate not run.,new,vit_logistic_regression_trained_on_data_sam3_orientation,ViT-B/16 ImageNet features + LogisticRegression on data/sam3_orientation; side is a bbox-aspect heuristic,0.87,user_field_note_blue_cooler_all_male; no sex classifier found in repo,not_estimated,not_run_no_filtered_yolo_detection,models/fathomnet_mvp_yolov8_1280_20240914.pt,0,0,,,
2026-05-29,blue_cooler,2026-05-29_blue_cooler_IMG_2640,local:data/raw/Green Crab AI 2026,IMG_2640.jpeg,Grace Welles; Gabriela Bradt,unknown,unknown,shade,hand,partial,unknown,none,male,unknown,,,,unknown,low,unknown,,,No filtered YOLO crab detection; molt estimate not run. View angle is provisional; repo has no side-view classifier.,new,orientation_classifier_low_confidence_or_uncertain,ViT-B/16 ImageNet features + LogisticRegression on data/sam3_orientation; side is a bbox-aspect heuristic,0.4594,user_field_note_blue_cooler_all_male; no sex classifier found in repo,not_estimated,not_run_no_filtered_yolo_detection,models/fathomnet_mvp_yolov8_1280_20240914.pt,0,0,,,
2026-05-29,blue_cooler,2026-05-29_blue_cooler_IMG_2641,local:data/raw/Green Crab AI 2026,IMG_2641.jpeg,Grace Welles; Gabriela Bradt,unknown,unknown,shade,hand,partial,unknown,none,male,unknown,,,,unknown,low,unknown,,,No filtered YOLO crab detection; molt estimate not run. View angle is provisional; repo has no side-view classifier.,new,orientation_classifier_low_confidence_or_uncertain,ViT-B/16 ImageNet features + LogisticRegression on data/sam3_orientation; side is a bbox-aspect heuristic,0.782,user_field_note_blue_cooler_all_male; no sex classifier found in repo,not_estimated,not_run_no_filtered_yolo_detection,models/fathomnet_mvp_yolov8_1280_20240914.pt,0,0,,,
2026-05-29,blue_cooler,2026-05-29_blue_cooler_IMG_2642,local:data/raw/Green Crab AI 2026,IMG_2642.jpeg,Grace Welles; Gabriela Bradt,unknown,close_under_6in,shade,hand,1,partially_cut_off,none,male,unknown,,,13.862,pre_molt,high,unknown,,,View angle is provisional; repo has no side-view classifier.,new,orientation_classifier_low_confidence_or_uncertain,ViT-B/16 ImageNet features + LogisticRegression on data/sam3_orientation; side is a bbox-aspect heuristic,0.6194,user_field_note_blue_cooler_all_male; no sex classifier found in repo,not_estimated,best_vit_regressor.joblib_on_yolo_primary_crop,models/fathomnet_mvp_yolov8_1280_20240914.pt,2,1,0.302,0.52785,1.358
2026-05-29,blue_cooler,2026-05-29_blue_cooler_IMG_2643,local:data/raw/Green Crab AI 2026,IMG_2643.jpeg,Grace Welles; Gabriela Bradt,unknown,close_under_6in,shade,hand,1,partially_cut_off,none,male,unknown,,,9.16,pre_molt,high,unknown,,,View angle is provisional; repo has no side-view classifier.,new,orientation_classifier_low_confidence_or_uncertain,ViT-B/16 ImageNet features + LogisticRegression on data/sam3_orientation; side is a bbox-aspect heuristic,0.9386,user_field_note_blue_cooler_all_male; no sex classifier found in repo,not_estimated,best_vit_regressor.joblib_on_yolo_primary_crop,models/fathomnet_mvp_yolov8_1280_20240914.pt,1,1,0.3245,0.73124,0.989
2026-05-29,blue_cooler,2026-05-29_blue_cooler_IMG_2644,local:data/raw/Green Crab AI 2026,IMG_2644.jpeg,Grace Welles; Gabriela Bradt,unknown,close_under_6in,shade,hand,1,partially_cut_off,none,male,unknown,,,10.509,pre_molt,high,unknown,,,View angle is provisional; repo has no side-view classifier.,new,orientation_classifier_low_confidence_or_uncertain,ViT-B/16 ImageNet features + LogisticRegression on data/sam3_orientation; side is a bbox-aspect heuristic,0.9945,user_field_note_blue_cooler_all_male; no sex classifier found in repo,not_estimated,best_vit_regressor.joblib_on_yolo_primary_crop,models/fathomnet_mvp_yolov8_1280_20240914.pt,2,1,0.3175,0.73091,0.989
2026-05-29,blue_cooler,2026-05-29_blue_cooler_IMG_2645,local:data/raw/Green Crab AI 2026,IMG_2645.jpeg,Grace Welles; Gabriela Bradt,unknown,close_under_6in,shade,hand,multiple,partially_cut_off,none,male,unknown,,,12.749,pre_molt,high,unknown,,,Multiple filtered crab detections; primary detection selected automatically. View angle is provisional; repo has no side-view classifier.,new,orientation_classifier_low_confidence_or_uncertain,ViT-B/16 ImageNet features + LogisticRegression on data/sam3_orientation; side is a bbox-aspect heuristic,0.6436,user_field_note_blue_cooler_all_male; no sex classifier found in repo,not_estimated,best_vit_regressor.joblib_on_yolo_primary_crop,models/fathomnet_mvp_yolov8_1280_20240914.pt,2,2,0.6367,0.72621,0.992
2026-05-29,blue_cooler,2026-05-29_blue_cooler_IMG_2646,local:data/raw/Green Crab AI 2026,IMG_2646.jpeg,Grace Welles; Gabriela Bradt,unknown,close_under_6in,shade,hand,1,partially_cut_off,none,male,unknown,,,9.516,pre_molt,high,unknown,,,View angle is provisional; repo has no side-view classifier.,new,orientation_classifier_low_confidence_or_uncertain,ViT-B/16 ImageNet features + LogisticRegression on data/sam3_orientation; side is a bbox-aspect heuristic,0.9955,user_field_note_blue_cooler_all_male; no sex classifier found in repo,not_estimated,best_vit_regressor.joblib_on_yolo_primary_crop,models/fathomnet_mvp_yolov8_1280_20240914.pt,1,1,0.7133,0.73084,0.988
2026-05-29,blue_cooler,2026-05-29_blue_cooler_IMG_2647,local:data/raw/Green Crab AI 2026,IMG_2647.jpeg,Grace Welles; Gabriela Bradt,unknown,unknown,shade,hand,partial,unknown,none,male,unknown,,,,unknown,low,unknown,,,No filtered YOLO crab detection; molt estimate not run. View angle is provisional; repo has no side-view classifier.,new,orientation_classifier_low_confidence_or_uncertain,ViT-B/16 ImageNet features + LogisticRegression on data/sam3_orientation; side is a bbox-aspect heuristic,0.8642,user_field_note_blue_cooler_all_male; no sex classifier found in repo,not_estimated,not_run_no_filtered_yolo_detection,models/fathomnet_mvp_yolov8_1280_20240914.pt,0,0,,,
2026-05-29,blue_cooler,2026-05-29_blue_cooler_IMG_2648,local:data/raw/Green Crab AI 2026,IMG_2648.jpeg,Grace Welles; Gabriela Bradt,ventral,unknown,shade,hand,partial,unknown,none,male,unknown,,,,unknown,low,unknown,,,No filtered YOLO crab detection; molt estimate not run.,new,vit_logistic_regression_trained_on_data_sam3_orientation,ViT-B/16 ImageNet features + LogisticRegression on data/sam3_orientation; side is a bbox-aspect heuristic,0.9119,user_field_note_blue_cooler_all_male; no sex classifier found in repo,not_estimated,not_run_no_filtered_yolo_detection,models/fathomnet_mvp_yolov8_1280_20240914.pt,0,0,,,
2026-05-29,blue_cooler,2026-05-29_blue_cooler_IMG_2649,local:data/raw/Green Crab AI 2026,IMG_2649.jpeg,Grace Welles; Gabriela Bradt,unknown,medium_6_12in,shade,hand,1,partially_cut_off,none,male,unknown,,,6.275,pre_molt,high,unknown,,,View angle is provisional; repo has no side-view classifier.,new,orientation_classifier_low_confidence_or_uncertain,ViT-B/16 ImageNet features + LogisticRegression on data/sam3_orientation; side is a bbox-aspect heuristic,0.8292,user_field_note_blue_cooler_all_male; no sex classifier found in repo,not_estimated,best_vit_regressor.joblib_on_yolo_primary_crop,models/fathomnet_mvp_yolov8_1280_20240914.pt,1,1,0.8118,0.21289,1.409
2026-05-29,blue_cooler,2026-05-29_blue_cooler_IMG_2650,local:data/raw/Green Crab AI 2026,IMG_2650.jpeg,Grace Welles; Gabriela Bradt,unknown,unknown,shade,hand,partial,unknown,none,male,unknown,,,,unknown,low,unknown,,,No filtered YOLO crab detection; molt estimate not run. View angle is provisional; repo has no side-view classifier.,new,orientation_classifier_low_confidence_or_uncertain,ViT-B/16 ImageNet features + LogisticRegression on data/sam3_orientation; side is a bbox-aspect heuristic,0.8344,user_field_note_blue_cooler_all_male; no sex classifier found in repo,not_estimated,not_run_no_filtered_yolo_detection,models/fathomnet_mvp_yolov8_1280_20240914.pt,1,0,,,
2026-05-29,blue_cooler,2026-05-29_blue_cooler_IMG_2651,local:data/raw/Green Crab AI 2026,IMG_2651.jpeg,Grace Welles; Gabriela Bradt,unknown,unknown,shade,hand,partial,unknown,none,male,unknown,,,,unknown,low,unknown,,,No filtered YOLO crab detection; molt estimate not run. View angle is provisional; repo has no side-view classifier.,new,orientation_classifier_low_confidence_or_uncertain,ViT-B/16 ImageNet features + LogisticRegression on data/sam3_orientation; side is a bbox-aspect heuristic,0.5317,user_field_note_blue_cooler_all_male; no sex classifier found in repo,not_estimated,not_run_no_filtered_yolo_detection,models/fathomnet_mvp_yolov8_1280_20240914.pt,0,0,,,
2026-05-29,blue_cooler,2026-05-29_blue_cooler_IMG_2652,local:data/raw/Green Crab AI 2026,IMG_2652.jpeg,Grace Welles; Gabriela Bradt,unknown,unknown,shade,hand,partial,unknown,none,male,unknown,,,,unknown,low,unknown,,,No filtered YOLO crab detection; molt estimate not run. View angle is provisional; repo has no side-view classifier.,new,orientation_classifier_low_confidence_or_uncertain,ViT-B/16 ImageNet features + LogisticRegression on data/sam3_orientation; side is a bbox-aspect heuristic,0.6198,user_field_note_blue_cooler_all_male; no sex classifier found in repo,not_estimated,not_run_no_filtered_yolo_detection,models/fathomnet_mvp_yolov8_1280_20240914.pt,0,0,,,
2026-05-29,blue_cooler,2026-05-29_blue_cooler_IMG_2653,local:data/raw/Green Crab AI 2026,IMG_2653.jpeg,Grace Welles; Gabriela Bradt,unknown,close_under_6in,shade,hand,1,partially_cut_off,none,male,unknown,,,9.321,pre_molt,high,unknown,,,View angle is provisional; repo has no side-view classifier.,new,orientation_classifier_low_confidence_or_uncertain,ViT-B/16 ImageNet features + LogisticRegression on data/sam3_orientation; side is a bbox-aspect heuristic,0.8662,user_field_note_blue_cooler_all_male; no sex classifier found in repo,not_estimated,best_vit_regressor.joblib_on_yolo_primary_crop,models/fathomnet_mvp_yolov8_1280_20240914.pt,1,1,0.4136,0.73355,0.984
2026-05-29,blue_cooler,2026-05-29_blue_cooler_IMG_2654,local:data/raw/Green Crab AI 2026,IMG_2654.jpeg,Grace Welles; Gabriela Bradt,unknown,unknown,shade,hand,partial,unknown,none,male,unknown,,,,unknown,low,unknown,,,No filtered YOLO crab detection; molt estimate not run. View angle is provisional; repo has no side-view classifier.,new,orientation_classifier_low_confidence_or_uncertain,ViT-B/16 ImageNet features + LogisticRegression on data/sam3_orientation; side is a bbox-aspect heuristic,0.8265,user_field_note_blue_cooler_all_male; no sex classifier found in repo,not_estimated,not_run_no_filtered_yolo_detection,models/fathomnet_mvp_yolov8_1280_20240914.pt,0,0,,,
2026-05-29,blue_cooler,2026-05-29_blue_cooler_IMG_2655,local:data/raw/Green Crab AI 2026,IMG_2655.jpeg,Grace Welles; Gabriela Bradt,unknown,unknown,shade,hand,partial,unknown,none,male,unknown,,,,unknown,low,unknown,,,No filtered YOLO crab detection; molt estimate not run. View angle is provisional; repo has no side-view classifier.,new,orientation_classifier_low_confidence_or_uncertain,ViT-B/16 ImageNet features + LogisticRegression on data/sam3_orientation; side is a bbox-aspect heuristic,0.8732,user_field_note_blue_cooler_all_male; no sex classifier found in repo,not_estimated,not_run_no_filtered_yolo_detection,models/fathomnet_mvp_yolov8_1280_20240914.pt,0,0,,,
2026-05-29,blue_cooler,2026-05-29_blue_cooler_IMG_2656,local:data/raw/Green Crab AI 2026,IMG_2656.jpeg,Grace Welles; Gabriela Bradt,unknown,unknown,shade,hand,partial,unknown,none,male,unknown,,,,unknown,low,unknown,,,No filtered YOLO crab detection; molt estimate not run. View angle is provisional; repo has no side-view classifier.,new,orientation_classifier_low_confidence_or_uncertain,ViT-B/16 ImageNet features + LogisticRegression on data/sam3_orientation; side is a bbox-aspect heuristic,0.9987,user_field_note_blue_cooler_all_male; no sex classifier found in repo,not_estimated,not_run_no_filtered_yolo_detection,models/fathomnet_mvp_yolov8_1280_20240914.pt,0,0,,,
2026-05-29,blue_cooler,2026-05-29_blue_cooler_IMG_2658,local:data/raw/Green Crab AI 2026,IMG_2658.jpeg,Grace Welles; Gabriela Bradt,ventral,unknown,shade,hand,partial,unknown,none,male,unknown,,,,unknown,low,unknown,,,No filtered YOLO crab detection; molt estimate not run.,new,vit_logistic_regression_trained_on_data_sam3_orientation,ViT-B/16 ImageNet features + LogisticRegression on data/sam3_orientation; side is a bbox-aspect heuristic,0.9716,user_field_note_blue_cooler_all_male; no sex classifier found in repo,not_estimated,not_run_no_filtered_yolo_detection,models/fathomnet_mvp_yolov8_1280_20240914.pt,0,0,,,
2026-05-29,blue_cooler,2026-05-29_blue_cooler_IMG_2659,local:data/raw/Green Crab AI 2026,IMG_2659.jpeg,Grace Welles; Gabriela Bradt,ventral,unknown,shade,hand,partial,unknown,none,male,unknown,,,,unknown,low,unknown,,,No filtered YOLO crab detection; molt estimate not run.,new,vit_logistic_regression_trained_on_data_sam3_orientation,ViT-B/16 ImageNet features + LogisticRegression on data/sam3_orientation; side is a bbox-aspect heuristic,0.6185,user_field_note_blue_cooler_all_male; no sex classifier found in repo,not_estimated,not_run_no_filtered_yolo_detection,models/fathomnet_mvp_yolov8_1280_20240914.pt,0,0,,,
2026-05-29,blue_cooler,2026-05-29_blue_cooler_IMG_2660,local:data/raw/Green Crab AI 2026,IMG_2660.jpeg,Grace Welles; Gabriela Bradt,unknown,close_under_6in,shade,hand,1,partially_cut_off,none,male,unknown,,,9.682,pre_molt,high,unknown,,,View angle is provisional; repo has no side-view classifier.,new,orientation_classifier_low_confidence_or_uncertain,ViT-B/16 ImageNet features + LogisticRegression on data/sam3_orientation; side is a bbox-aspect heuristic,0.8887,user_field_note_blue_cooler_all_male; no sex classifier found in repo,not_estimated,best_vit_regressor.joblib_on_yolo_primary_crop,models/fathomnet_mvp_yolov8_1280_20240914.pt,1,1,0.3533,0.71747,0.969
2026-05-29,blue_cooler,2026-05-29_blue_cooler_IMG_2661,local:data/raw/Green Crab AI 2026,IMG_2661.jpeg,Grace Welles; Gabriela Bradt,unknown,close_under_6in,shade,hand,1,partially_cut_off,none,male,unknown,,,11.483,pre_molt,high,unknown,,,View angle is provisional; repo has no side-view classifier.,new,orientation_classifier_low_confidence_or_uncertain,ViT-B/16 ImageNet features + LogisticRegression on data/sam3_orientation; side is a bbox-aspect heuristic,0.8595,user_field_note_blue_cooler_all_male; no sex classifier found in repo,not_estimated,best_vit_regressor.joblib_on_yolo_primary_crop,models/fathomnet_mvp_yolov8_1280_20240914.pt,1,1,0.3774,0.70715,1.018
2026-05-29,blue_cooler,2026-05-29_blue_cooler_IMG_2662,local:data/raw/Green Crab AI 2026,IMG_2662.jpeg,Grace Welles; Gabriela Bradt,ventral,unknown,shade,hand,partial,unknown,none,male,unknown,,,,unknown,low,unknown,,,No filtered YOLO crab detection; molt estimate not run.,new,vit_logistic_regression_trained_on_data_sam3_orientation,ViT-B/16 ImageNet features + LogisticRegression on data/sam3_orientation; side is a bbox-aspect heuristic,0.5922,user_field_note_blue_cooler_all_male; no sex classifier found in repo,not_estimated,not_run_no_filtered_yolo_detection,models/fathomnet_mvp_yolov8_1280_20240914.pt,1,0,,,
2026-05-29,blue_cooler,2026-05-29_blue_cooler_IMG_2663,local:data/raw/Green Crab AI 2026,IMG_2663.jpeg,Grace Welles; Gabriela Bradt,unknown,close_under_6in,shade,hand,1,partially_cut_off,none,male,unknown,,,10.601,pre_molt,high,unknown,,,View angle is provisional; repo has no side-view classifier.,new,orientation_classifier_low_confidence_or_uncertain,ViT-B/16 ImageNet features + LogisticRegression on data/sam3_orientation; side is a bbox-aspect heuristic,0.6841,user_field_note_blue_cooler_all_male; no sex classifier found in repo,not_estimated,best_vit_regressor.joblib_on_yolo_primary_crop,models/fathomnet_mvp_yolov8_1280_20240914.pt,1,1,0.489,0.71653,0.995
2026-05-29,blue_cooler,2026-05-29_blue_cooler_IMG_2664,local:data/raw/Green Crab AI 2026,IMG_2664.jpeg,Grace Welles; Gabriela Bradt,unknown,unknown,shade,hand,partial,unknown,none,male,unknown,,,,unknown,low,unknown,,,No filtered YOLO crab detection; molt estimate not run. View angle is provisional; repo has no side-view classifier.,new,orientation_classifier_low_confidence_or_uncertain,ViT-B/16 ImageNet features + LogisticRegression on data/sam3_orientation; side is a bbox-aspect heuristic,0.6373,user_field_note_blue_cooler_all_male; no sex classifier found in repo,not_estimated,not_run_no_filtered_yolo_detection,models/fathomnet_mvp_yolov8_1280_20240914.pt,0,0,,,
2026-05-29,blue_cooler,2026-05-29_blue_cooler_IMG_2665,local:data/raw/Green Crab AI 2026,IMG_2665.jpeg,Grace Welles; Gabriela Bradt,ventral,close_under_6in,shade,hand,1,partially_cut_off,none,male,unknown,,,2.365,peeler_imminent,high,unknown,,,,new,vit_logistic_regression_trained_on_data_sam3_orientation,ViT-B/16 ImageNet features + LogisticRegression on data/sam3_orientation; side is a bbox-aspect heuristic,0.7214,user_field_note_blue_cooler_all_male; no sex classifier found in repo,not_estimated,best_vit_regressor.joblib_on_yolo_primary_crop,models/fathomnet_mvp_yolov8_1280_20240914.pt,1,1,0.5737,0.72317,1.001
2026-05-29,blue_cooler,2026-05-29_blue_cooler_IMG_2666,local:data/raw/Green Crab AI 2026,IMG_2666.jpeg,Grace Welles; Gabriela Bradt,unknown,unknown,shade,hand,partial,unknown,none,male,unknown,,,,unknown,low,unknown,,,No filtered YOLO crab detection; molt estimate not run. View angle is provisional; repo has no side-view classifier.,new,orientation_classifier_low_confidence_or_uncertain,ViT-B/16 ImageNet features + LogisticRegression on data/sam3_orientation; side is a bbox-aspect heuristic,0.9039,user_field_note_blue_cooler_all_male; no sex classifier found in repo,not_estimated,not_run_no_filtered_yolo_detection,models/fathomnet_mvp_yolov8_1280_20240914.pt,0,0,,,
2026-05-29,blue_cooler,2026-05-29_blue_cooler_IMG_2667,local:data/raw/Green Crab AI 2026,IMG_2667.jpeg,Grace Welles; Gabriela Bradt,unknown,unknown,shade,hand,partial,unknown,none,male,unknown,,,,unknown,low,unknown,,,No filtered YOLO crab detection; molt estimate not run. View angle is provisional; repo has no side-view classifier.,new,orientation_classifier_low_confidence_or_uncertain,ViT-B/16 ImageNet features + LogisticRegression on data/sam3_orientation; side is a bbox-aspect heuristic,0.6761,user_field_note_blue_cooler_all_male; no sex classifier found in repo,not_estimated,not_run_no_filtered_yolo_detection,models/fathomnet_mvp_yolov8_1280_20240914.pt,0,0,,,
2026-05-29,blue_cooler,2026-05-29_blue_cooler_IMG_2668,local:data/raw/Green Crab AI 2026,IMG_2668.jpeg,Grace Welles; Gabriela Bradt,ventral,unknown,shade,hand,partial,unknown,none,male,unknown,,,,unknown,low,unknown,,,No filtered YOLO crab detection; molt estimate not run.,new,vit_logistic_regression_trained_on_data_sam3_orientation,ViT-B/16 ImageNet features + LogisticRegression on data/sam3_orientation; side is a bbox-aspect heuristic,0.9905,user_field_note_blue_cooler_all_male; no sex classifier found in repo,not_estimated,not_run_no_filtered_yolo_detection,models/fathomnet_mvp_yolov8_1280_20240914.pt,1,0,,,
2026-05-29,blue_cooler,2026-05-29_blue_cooler_IMG_2669,local:data/raw/Green Crab AI 2026,IMG_2669.jpeg,Grace Welles; Gabriela Bradt,ventral,unknown,shade,hand,partial,unknown,none,male,unknown,,,,unknown,low,unknown,,,No filtered YOLO crab detection; molt estimate not run.,new,vit_logistic_regression_trained_on_data_sam3_orientation,ViT-B/16 ImageNet features + LogisticRegression on data/sam3_orientation; side is a bbox-aspect heuristic,0.8911,user_field_note_blue_cooler_all_male; no sex classifier found in repo,not_estimated,not_run_no_filtered_yolo_detection,models/fathomnet_mvp_yolov8_1280_20240914.pt,0,0,,,
2026-05-29,blue_cooler,2026-05-29_blue_cooler_IMG_2670,local:data/raw/Green Crab AI 2026,IMG_2670.jpeg,Grace Welles; Gabriela Bradt,unknown,close_under_6in,shade,hand,1,partially_cut_off,none,male,unknown,,,8.591,pre_molt,high,unknown,,,View angle is provisional; repo has no side-view classifier.,new,orientation_classifier_low_confidence_or_uncertain,ViT-B/16 ImageNet features + LogisticRegression on data/sam3_orientation; side is a bbox-aspect heuristic,0.8734,user_field_note_blue_cooler_all_male; no sex classifier found in repo,not_estimated,best_vit_regressor.joblib_on_yolo_primary_crop,models/fathomnet_mvp_yolov8_1280_20240914.pt,1,1,0.7021,0.7178,0.993
2026-05-29,blue_cooler,2026-05-29_blue_cooler_IMG_2671,local:data/raw/Green Crab AI 2026,IMG_2671.jpeg,Grace Welles; Gabriela Bradt,unknown,unknown,shade,hand,partial,unknown,none,male,unknown,,,,unknown,low,unknown,,,No filtered YOLO crab detection; molt estimate not run. View angle is provisional; repo has no side-view classifier.,new,orientation_classifier_low_confidence_or_uncertain,ViT-B/16 ImageNet features + LogisticRegression on data/sam3_orientation; side is a bbox-aspect heuristic,0.916,user_field_note_blue_cooler_all_male; no sex classifier found in repo,not_estimated,not_run_no_filtered_yolo_detection,models/fathomnet_mvp_yolov8_1280_20240914.pt,1,0,,,
2026-05-29,blue_cooler,2026-05-29_blue_cooler_IMG_2672,local:data/raw/Green Crab AI 2026,IMG_2672.jpeg,Grace Welles; Gabriela Bradt,ventral,unknown,shade,hand,partial,unknown,none,male,unknown,,,,unknown,low,unknown,,,No filtered YOLO crab detection; molt estimate not run.,new,vit_logistic_regression_trained_on_data_sam3_orientation,ViT-B/16 ImageNet features + LogisticRegression on data/sam3_orientation; side is a bbox-aspect heuristic,0.9557,user_field_note_blue_cooler_all_male; no sex classifier found in repo,not_estimated,not_run_no_filtered_yolo_detection,models/fathomnet_mvp_yolov8_1280_20240914.pt,1,0,,,
2026-05-29,blue_cooler,2026-05-29_blue_cooler_IMG_2673,local:data/raw/Green Crab AI 2026,IMG_2673.jpeg,Grace Welles; Gabriela Bradt,unknown,close_under_6in,shade,hand,1,partially_cut_off,none,male,unknown,,,13.579,pre_molt,high,unknown,,,View angle is provisional; repo has no side-view classifier.,new,orientation_classifier_low_confidence_or_uncertain,ViT-B/16 ImageNet features + LogisticRegression on data/sam3_orientation; side is a bbox-aspect heuristic,0.966,user_field_note_blue_cooler_all_male; no sex classifier found in repo,not_estimated,best_vit_regressor.joblib_on_yolo_primary_crop,models/fathomnet_mvp_yolov8_1280_20240914.pt,1,1,0.5209,0.71892,0.997
2026-05-29,blue_cooler,2026-05-29_blue_cooler_IMG_2674,local:data/raw/Green Crab AI 2026,IMG_2674.jpeg,Grace Welles; Gabriela Bradt,ventral,unknown,shade,hand,partial,unknown,none,male,unknown,,,,unknown,low,unknown,,,No filtered YOLO crab detection; molt estimate not run.,new,vit_logistic_regression_trained_on_data_sam3_orientation,ViT-B/16 ImageNet features + LogisticRegression on data/sam3_orientation; side is a bbox-aspect heuristic,0.7302,user_field_note_blue_cooler_all_male; no sex classifier found in repo,not_estimated,not_run_no_filtered_yolo_detection,models/fathomnet_mvp_yolov8_1280_20240914.pt,0,0,,,
2026-05-29,blue_cooler,2026-05-29_blue_cooler_IMG_2675,local:data/raw/Green Crab AI 2026,IMG_2675.jpeg,Grace Welles; Gabriela Bradt,ventral,unknown,shade,hand,partial,unknown,none,male,unknown,,,,unknown,low,unknown,,,No filtered YOLO crab detection; molt estimate not run.,new,vit_logistic_regression_trained_on_data_sam3_orientation,ViT-B/16 ImageNet features + LogisticRegression on data/sam3_orientation; side is a bbox-aspect heuristic,0.7665,user_field_note_blue_cooler_all_male; no sex classifier found in repo,not_estimated,not_run_no_filtered_yolo_detection,models/fathomnet_mvp_yolov8_1280_20240914.pt,0,0,,,
2026-05-29,blue_cooler,2026-05-29_blue_cooler_IMG_2676,local:data/raw/Green Crab AI 2026,IMG_2676.jpeg,Grace Welles; Gabriela Bradt,unknown,unknown,shade,hand,partial,unknown,none,male,unknown,,,,unknown,low,unknown,,,No filtered YOLO crab detection; molt estimate not run. View angle is provisional; repo has no side-view classifier.,new,orientation_classifier_low_confidence_or_uncertain,ViT-B/16 ImageNet features + LogisticRegression on data/sam3_orientation; side is a bbox-aspect heuristic,0.5813,user_field_note_blue_cooler_all_male; no sex classifier found in repo,not_estimated,not_run_no_filtered_yolo_detection,models/fathomnet_mvp_yolov8_1280_20240914.pt,1,0,,,
2026-05-29,blue_cooler,2026-05-29_blue_cooler_IMG_2677,local:data/raw/Green Crab AI 2026,IMG_2677.jpeg,Grace Welles; Gabriela Bradt,unknown,unknown,shade,hand,partial,unknown,none,male,unknown,,,,unknown,low,unknown,,,No filtered YOLO crab detection; molt estimate not run. View angle is provisional; repo has no side-view classifier.,new,orientation_classifier_low_confidence_or_uncertain,ViT-B/16 ImageNet features + LogisticRegression on data/sam3_orientation; side is a bbox-aspect heuristic,0.7942,user_field_note_blue_cooler_all_male; no sex classifier found in repo,not_estimated,not_run_no_filtered_yolo_detection,models/fathomnet_mvp_yolov8_1280_20240914.pt,0,0,,,
2026-05-29,blue_cooler,2026-05-29_blue_cooler_IMG_2678,local:data/raw/Green Crab AI 2026,IMG_2678.jpeg,Grace Welles; Gabriela Bradt,unknown,close_under_6in,shade,hand,1,partially_cut_off,none,male,unknown,,,13.975,pre_molt,high,unknown,,,View angle is provisional; repo has no side-view classifier.,new,orientation_classifier_low_confidence_or_uncertain,ViT-B/16 ImageNet features + LogisticRegression on data/sam3_orientation; side is a bbox-aspect heuristic,0.9324,user_field_note_blue_cooler_all_male; no sex classifier found in repo,not_estimated,best_vit_regressor.joblib_on_yolo_primary_crop,models/fathomnet_mvp_yolov8_1280_20240914.pt,1,1,0.6079,0.54773,1.318
2026-05-29,blue_cooler,2026-05-29_blue_cooler_IMG_2679,local:data/raw/Green Crab AI 2026,IMG_2679.jpeg,Grace Welles; Gabriela Bradt,unknown,close_under_6in,shade,hand,1,partially_cut_off,none,male,unknown,,,11.332,pre_molt,high,unknown,,,View angle is provisional; repo has no side-view classifier.,new,orientation_classifier_low_confidence_or_uncertain,ViT-B/16 ImageNet features + LogisticRegression on data/sam3_orientation; side is a bbox-aspect heuristic,0.997,user_field_note_blue_cooler_all_male; no sex classifier found in repo,not_estimated,best_vit_regressor.joblib_on_yolo_primary_crop,models/fathomnet_mvp_yolov8_1280_20240914.pt,1,1,0.588,0.73402,0.986
2026-05-29,blue_cooler,2026-05-29_blue_cooler_IMG_2680,local:data/raw/Green Crab AI 2026,IMG_2680.jpeg,Grace Welles; Gabriela Bradt,unknown,unknown,mixed,hand,partial,unknown,none,male,unknown,,,,unknown,low,unknown,,,No filtered YOLO crab detection; molt estimate not run. View angle is provisional; repo has no side-view classifier.,new,orientation_classifier_low_confidence_or_uncertain,ViT-B/16 ImageNet features + LogisticRegression on data/sam3_orientation; side is a bbox-aspect heuristic,0.6671,user_field_note_blue_cooler_all_male; no sex classifier found in repo,not_estimated,not_run_no_filtered_yolo_detection,models/fathomnet_mvp_yolov8_1280_20240914.pt,1,0,,,
2026-05-29,blue_cooler,2026-05-29_blue_cooler_IMG_2681,local:data/raw/Green Crab AI 2026,IMG_2681.jpeg,Grace Welles; Gabriela Bradt,ventral,medium_6_12in,shade,hand,1,centered,none,male,unknown,,,5.409,pre_molt,high,unknown,,,,new,vit_logistic_regression_trained_on_data_sam3_orientation,ViT-B/16 ImageNet features + LogisticRegression on data/sam3_orientation; side is a bbox-aspect heuristic,0.9991,user_field_note_blue_cooler_all_male; no sex classifier found in repo,not_estimated,best_vit_regressor.joblib_on_yolo_primary_crop,models/fathomnet_mvp_yolov8_1280_20240914.pt,2,1,0.3438,0.14736,1.406
2026-05-29,blue_cooler,2026-05-29_blue_cooler_IMG_2682,local:data/raw/Green Crab AI 2026,IMG_2682.jpeg,Grace Welles; Gabriela Bradt,unknown,close_under_6in,shade,hand,1,partially_cut_off,none,male,unknown,,,14.09,intermolt,high,unknown,,,View angle is provisional; repo has no side-view classifier.,new,orientation_classifier_low_confidence_or_uncertain,ViT-B/16 ImageNet features + LogisticRegression on data/sam3_orientation; side is a bbox-aspect heuristic,0.6431,user_field_note_blue_cooler_all_male; no sex classifier found in repo,not_estimated,best_vit_regressor.joblib_on_yolo_primary_crop,models/fathomnet_mvp_yolov8_1280_20240914.pt,1,1,0.2817,0.44513,0.8
2026-05-29,blue_cooler,2026-05-29_blue_cooler_IMG_2683,local:data/raw/Green Crab AI 2026,IMG_2683.jpeg,Grace Welles; Gabriela Bradt,unknown,close_under_6in,shade,hand,1,partially_cut_off,none,male,unknown,,,13.899,pre_molt,high,unknown,,,View angle is provisional; repo has no side-view classifier.,new,orientation_classifier_low_confidence_or_uncertain,ViT-B/16 ImageNet features + LogisticRegression on data/sam3_orientation; side is a bbox-aspect heuristic,0.9487,user_field_note_blue_cooler_all_male; no sex classifier found in repo,not_estimated,best_vit_regressor.joblib_on_yolo_primary_crop,models/fathomnet_mvp_yolov8_1280_20240914.pt,1,1,0.4389,0.71729,0.979
2026-05-29,blue_cooler,2026-05-29_blue_cooler_IMG_2685,local:data/raw/Green Crab AI 2026,IMG_2685.jpeg,Grace Welles; Gabriela Bradt,unknown,unknown,shade,hand,partial,unknown,none,male,unknown,,,,unknown,low,unknown,,,No filtered YOLO crab detection; molt estimate not run. View angle is provisional; repo has no side-view classifier.,new,orientation_classifier_low_confidence_or_uncertain,ViT-B/16 ImageNet features + LogisticRegression on data/sam3_orientation; side is a bbox-aspect heuristic,0.753,user_field_note_blue_cooler_all_male; no sex classifier found in repo,not_estimated,not_run_no_filtered_yolo_detection,models/fathomnet_mvp_yolov8_1280_20240914.pt,1,0,,,
2026-05-29,blue_cooler,2026-05-29_blue_cooler_IMG_2686,local:data/raw/Green Crab AI 2026,IMG_2686.jpeg,Grace Welles; Gabriela Bradt,unknown,close_under_6in,shade,hand,multiple,partially_cut_off,none,male,unknown,,,12.993,pre_molt,high,unknown,,,Multiple filtered crab detections; primary detection selected automatically. View angle is provisional; repo has no side-view classifier.,new,orientation_classifier_low_confidence_or_uncertain,ViT-B/16 ImageNet features + LogisticRegression on data/sam3_orientation; side is a bbox-aspect heuristic,0.9242,user_field_note_blue_cooler_all_male; no sex classifier found in repo,not_estimated,best_vit_regressor.joblib_on_yolo_primary_crop,models/fathomnet_mvp_yolov8_1280_20240914.pt,2,2,0.6645,0.73495,0.984
2026-05-29,blue_cooler,2026-05-29_blue_cooler_IMG_2687,local:data/raw/Green Crab AI 2026,IMG_2687.jpeg,Grace Welles; Gabriela Bradt,unknown,unknown,mixed,hand,partial,unknown,none,male,unknown,,,,unknown,low,unknown,,,No filtered YOLO crab detection; molt estimate not run. View angle is provisional; repo has no side-view classifier.,new,orientation_classifier_low_confidence_or_uncertain,ViT-B/16 ImageNet features + LogisticRegression on data/sam3_orientation; side is a bbox-aspect heuristic,0.9518,user_field_note_blue_cooler_all_male; no sex classifier found in repo,not_estimated,not_run_no_filtered_yolo_detection,models/fathomnet_mvp_yolov8_1280_20240914.pt,0,0,,,
2026-05-29,blue_cooler,2026-05-29_blue_cooler_IMG_2688,local:data/raw/Green Crab AI 2026,IMG_2688.jpeg,Grace Welles; Gabriela Bradt,ventral,unknown,shade,hand,partial,unknown,none,male,unknown,,,,unknown,low,unknown,,,No filtered YOLO crab detection; molt estimate not run.,new,vit_logistic_regression_trained_on_data_sam3_orientation,ViT-B/16 ImageNet features + LogisticRegression on data/sam3_orientation; side is a bbox-aspect heuristic,0.6404,user_field_note_blue_cooler_all_male; no sex classifier found in repo,not_estimated,not_run_no_filtered_yolo_detection,models/fathomnet_mvp_yolov8_1280_20240914.pt,0,0,,,
2026-05-29,blue_cooler,2026-05-29_blue_cooler_IMG_2689,local:data/raw/Green Crab AI 2026,IMG_2689.jpeg,Grace Welles; Gabriela Bradt,unknown,close_under_6in,shade,hand,1,partially_cut_off,none,male,unknown,,,4.59,pre_molt,high,unknown,,,View angle is provisional; repo has no side-view classifier.,new,orientation_classifier_low_confidence_or_uncertain,ViT-B/16 ImageNet features + LogisticRegression on data/sam3_orientation; side is a bbox-aspect heuristic,0.9933,user_field_note_blue_cooler_all_male; no sex classifier found in repo,not_estimated,best_vit_regressor.joblib_on_yolo_primary_crop,models/fathomnet_mvp_yolov8_1280_20240914.pt,2,1,0.276,0.73344,0.987
2026-05-29,blue_cooler,2026-05-29_blue_cooler_IMG_2690,local:data/raw/Green Crab AI 2026,IMG_2690.jpeg,Grace Welles; Gabriela Bradt,unknown,close_under_6in,shade,hand,1,partially_cut_off,none,male,unknown,,,11.361,pre_molt,high,unknown,,,View angle is provisional; repo has no side-view classifier.,new,orientation_classifier_low_confidence_or_uncertain,ViT-B/16 ImageNet features + LogisticRegression on data/sam3_orientation; side is a bbox-aspect heuristic,0.97,user_field_note_blue_cooler_all_male; no sex classifier found in repo,not_estimated,best_vit_regressor.joblib_on_yolo_primary_crop,models/fathomnet_mvp_yolov8_1280_20240914.pt,2,1,0.261,0.50182,1.405
2026-05-29,blue_cooler,2026-05-29_blue_cooler_IMG_2691,local:data/raw/Green Crab AI 2026,IMG_2691.jpeg,Grace Welles; Gabriela Bradt,unknown,unknown,shade,hand,partial,unknown,none,male,unknown,,,,unknown,low,unknown,,,No filtered YOLO crab detection; molt estimate not run. View angle is provisional; repo has no side-view classifier.,new,orientation_classifier_low_confidence_or_uncertain,ViT-B/16 ImageNet features + LogisticRegression on data/sam3_orientation; side is a bbox-aspect heuristic,0.9682,user_field_note_blue_cooler_all_male; no sex classifier found in repo,not_estimated,not_run_no_filtered_yolo_detection,models/fathomnet_mvp_yolov8_1280_20240914.pt,1,0,,,
2026-05-29,blue_cooler,2026-05-29_blue_cooler_IMG_2692,local:data/raw/Green Crab AI 2026,IMG_2692.jpeg,Grace Welles; Gabriela Bradt,unknown,unknown,shade,hand,partial,unknown,none,male,unknown,,,,unknown,low,unknown,,,No filtered YOLO crab detection; molt estimate not run. View angle is provisional; repo has no side-view classifier.,new,orientation_classifier_low_confidence_or_uncertain,ViT-B/16 ImageNet features + LogisticRegression on data/sam3_orientation; side is a bbox-aspect heuristic,0.993,user_field_note_blue_cooler_all_male; no sex classifier found in repo,not_estimated,not_run_no_filtered_yolo_detection,models/fathomnet_mvp_yolov8_1280_20240914.pt,0,0,,,
2026-05-29,blue_cooler,2026-05-29_blue_cooler_IMG_2693,local:data/raw/Green Crab AI 2026,IMG_2693.jpeg,Grace Welles; Gabriela Bradt,unknown,unknown,shade,hand,partial,unknown,none,male,unknown,,,,unknown,low,unknown,,,No filtered YOLO crab detection; molt estimate not run. View angle is provisional; repo has no side-view classifier.,new,orientation_classifier_low_confidence_or_uncertain,ViT-B/16 ImageNet features + LogisticRegression on data/sam3_orientation; side is a bbox-aspect heuristic,0.9966,user_field_note_blue_cooler_all_male; no sex classifier found in repo,not_estimated,not_run_no_filtered_yolo_detection,models/fathomnet_mvp_yolov8_1280_20240914.pt,0,0,,,
2026-05-29,blue_cooler,2026-05-29_blue_cooler_IMG_2694,local:data/raw/Green Crab AI 2026,IMG_2694.jpeg,Grace Welles; Gabriela Bradt,unknown,unknown,shade,hand,partial,unknown,none,male,unknown,,,,unknown,low,unknown,,,No filtered YOLO crab detection; molt estimate not run. View angle is provisional; repo has no side-view classifier.,new,orientation_classifier_low_confidence_or_uncertain,ViT-B/16 ImageNet features + LogisticRegression on data/sam3_orientation; side is a bbox-aspect heuristic,0.7919,user_field_note_blue_cooler_all_male; no sex classifier found in repo,not_estimated,not_run_no_filtered_yolo_detection,models/fathomnet_mvp_yolov8_1280_20240914.pt,0,0,,,
2026-05-29,blue_cooler,2026-05-29_blue_cooler_IMG_2695,local:data/raw/Green Crab AI 2026,IMG_2695.jpeg,Grace Welles; Gabriela Bradt,side,medium_6_12in,shade,hand,1,partially_cut_off,none,male,unknown,,,9.194,pre_molt,high,unknown,,,View angle is provisional; repo has no side-view classifier.,new,heuristic_from_uncertain_orientation_and_bbox_aspect,ViT-B/16 ImageNet features + LogisticRegression on data/sam3_orientation; side is a bbox-aspect heuristic,0.9703,user_field_note_blue_cooler_all_male; no sex classifier found in repo,not_estimated,best_vit_regressor.joblib_on_yolo_primary_crop,models/fathomnet_mvp_yolov8_1280_20240914.pt,1,1,0.3696,0.33143,2.029
2026-05-29,blue_cooler,2026-05-29_blue_cooler_IMG_2696,local:data/raw/Green Crab AI 2026,IMG_2696.jpeg,Grace Welles; Gabriela Bradt,unknown,close_under_6in,shade,hand,1,partially_cut_off,none,male,unknown,,,14.983,intermolt,high,unknown,,,View angle is provisional; repo has no side-view classifier.,new,orientation_classifier_low_confidence_or_uncertain,ViT-B/16 ImageNet features + LogisticRegression on data/sam3_orientation; side is a bbox-aspect heuristic,0.996,user_field_note_blue_cooler_all_male; no sex classifier found in repo,not_estimated,best_vit_regressor.joblib_on_yolo_primary_crop,models/fathomnet_mvp_yolov8_1280_20240914.pt,1,1,0.2681,0.71575,0.997
2026-05-29,blue_cooler,2026-05-29_blue_cooler_IMG_2697,local:data/raw/Green Crab AI 2026,IMG_2697.jpeg,Grace Welles; Gabriela Bradt,unknown,unknown,shade,hand,partial,unknown,none,male,unknown,,,,unknown,low,unknown,,,No filtered YOLO crab detection; molt estimate not run. View angle is provisional; repo has no side-view classifier.,new,orientation_classifier_low_confidence_or_uncertain,ViT-B/16 ImageNet features + LogisticRegression on data/sam3_orientation; side is a bbox-aspect heuristic,0.9818,user_field_note_blue_cooler_all_male; no sex classifier found in repo,not_estimated,not_run_no_filtered_yolo_detection,models/fathomnet_mvp_yolov8_1280_20240914.pt,0,0,,,
2026-05-29,blue_cooler,2026-05-29_blue_cooler_IMG_2698,local:data/raw/Green Crab AI 2026,IMG_2698.jpeg,Grace Welles; Gabriela Bradt,unknown,close_under_6in,shade,hand,1,partially_cut_off,none,male,unknown,,,5.918,pre_molt,high,unknown,,,View angle is provisional; repo has no side-view classifier.,new,orientation_classifier_low_confidence_or_uncertain,ViT-B/16 ImageNet features + LogisticRegression on data/sam3_orientation; side is a bbox-aspect heuristic,0.7555,user_field_note_blue_cooler_all_male; no sex classifier found in repo,not_estimated,best_vit_regressor.joblib_on_yolo_primary_crop,models/fathomnet_mvp_yolov8_1280_20240914.pt,1,1,0.3726,0.4059,1.759
2026-05-29,blue_cooler,2026-05-29_blue_cooler_IMG_2699,local:data/raw/Green Crab AI 2026,IMG_2699.jpeg,Grace Welles; Gabriela Bradt,unknown,unknown,shade,hand,partial,unknown,none,male,unknown,,,,unknown,low,unknown,,,No filtered YOLO crab detection; molt estimate not run. View angle is provisional; repo has no side-view classifier.,new,orientation_classifier_low_confidence_or_uncertain,ViT-B/16 ImageNet features + LogisticRegression on data/sam3_orientation; side is a bbox-aspect heuristic,0.9868,user_field_note_blue_cooler_all_male; no sex classifier found in repo,not_estimated,not_run_no_filtered_yolo_detection,models/fathomnet_mvp_yolov8_1280_20240914.pt,0,0,,,
2026-05-29,blue_cooler,2026-05-29_blue_cooler_IMG_2700,local:data/raw/Green Crab AI 2026,IMG_2700.jpeg,Grace Welles; Gabriela Bradt,unknown,unknown,shade,hand,partial,unknown,none,male,unknown,,,,unknown,low,unknown,,,No filtered YOLO crab detection; molt estimate not run. View angle is provisional; repo has no side-view classifier.,new,orientation_classifier_low_confidence_or_uncertain,ViT-B/16 ImageNet features + LogisticRegression on data/sam3_orientation; side is a bbox-aspect heuristic,0.9937,user_field_note_blue_cooler_all_male; no sex classifier found in repo,not_estimated,not_run_no_filtered_yolo_detection,models/fathomnet_mvp_yolov8_1280_20240914.pt,0,0,,,
2026-05-29,blue_cooler,2026-05-29_blue_cooler_IMG_2701,local:data/raw/Green Crab AI 2026,IMG_2701.jpeg,Grace Welles; Gabriela Bradt,unknown,close_under_6in,shade,hand,1,partially_cut_off,none,male,unknown,,,8.189,pre_molt,high,unknown,,,View angle is provisional; repo has no side-view classifier.,new,orientation_classifier_low_confidence_or_uncertain,ViT-B/16 ImageNet features + LogisticRegression on data/sam3_orientation; side is a bbox-aspect heuristic,0.9513,user_field_note_blue_cooler_all_male; no sex classifier found in repo,not_estimated,best_vit_regressor.joblib_on_yolo_primary_crop,models/fathomnet_mvp_yolov8_1280_20240914.pt,1,1,0.2932,0.72327,1.001
2026-05-29,blue_cooler,2026-05-29_blue_cooler_IMG_2702,local:data/raw/Green Crab AI 2026,IMG_2702.jpeg,Grace Welles; Gabriela Bradt,unknown,close_under_6in,shade,hand,1,partially_cut_off,none,male,unknown,,,8.185,pre_molt,high,unknown,,,View angle is provisional; repo has no side-view classifier.,new,orientation_classifier_low_confidence_or_uncertain,ViT-B/16 ImageNet features + LogisticRegression on data/sam3_orientation; side is a bbox-aspect heuristic,0.9982,user_field_note_blue_cooler_all_male; no sex classifier found in repo,not_estimated,best_vit_regressor.joblib_on_yolo_primary_crop,models/fathomnet_mvp_yolov8_1280_20240914.pt,1,1,0.309,0.73324,0.986
2026-05-29,blue_cooler,2026-05-29_blue_cooler_IMG_2703,local:data/raw/Green Crab AI 2026,IMG_2703.jpeg,Grace Welles; Gabriela Bradt,unknown,unknown,shade,hand,partial,unknown,none,male,unknown,,,,unknown,low,unknown,,,No filtered YOLO crab detection; molt estimate not run. View angle is provisional; repo has no side-view classifier.,new,orientation_classifier_low_confidence_or_uncertain,ViT-B/16 ImageNet features + LogisticRegression on data/sam3_orientation; side is a bbox-aspect heuristic,0.9899,user_field_note_blue_cooler_all_male; no sex classifier found in repo,not_estimated,not_run_no_filtered_yolo_detection,models/fathomnet_mvp_yolov8_1280_20240914.pt,0,0,,,
2026-05-29,blue_cooler,2026-05-29_blue_cooler_IMG_2704,local:data/raw/Green Crab AI 2026,IMG_2704.jpeg,Grace Welles; Gabriela Bradt,unknown,close_under_6in,shade,hand,multiple,partially_cut_off,none,male,unknown,,,9.913,pre_molt,high,unknown,,,Multiple filtered crab detections; primary detection selected automatically. View angle is provisional; repo has no side-view classifier.,new,orientation_classifier_low_confidence_or_uncertain,ViT-B/16 ImageNet features + LogisticRegression on data/sam3_orientation; side is a bbox-aspect heuristic,0.9336,user_field_note_blue_cooler_all_male; no sex classifier found in repo,not_estimated,best_vit_regressor.joblib_on_yolo_primary_crop,models/fathomnet_mvp_yolov8_1280_20240914.pt,2,2,0.3826,0.70657,1.023
2026-05-29,blue_cooler,2026-05-29_blue_cooler_IMG_2705,local:data/raw/Green Crab AI 2026,IMG_2705.jpeg,Grace Welles; Gabriela Bradt,unknown,unknown,shade,hand,partial,unknown,none,male,unknown,,,,unknown,low,unknown,,,No filtered YOLO crab detection; molt estimate not run. View angle is provisional; repo has no side-view classifier.,new,orientation_classifier_low_confidence_or_uncertain,ViT-B/16 ImageNet features + LogisticRegression on data/sam3_orientation; side is a bbox-aspect heuristic,0.9545,user_field_note_blue_cooler_all_male; no sex classifier found in repo,not_estimated,not_run_no_filtered_yolo_detection,models/fathomnet_mvp_yolov8_1280_20240914.pt,0,0,,,
2026-05-29,blue_cooler,2026-05-29_blue_cooler_IMG_2706,local:data/raw/Green Crab AI 2026,IMG_2706.jpeg,Grace Welles; Gabriela Bradt,unknown,unknown,mixed,hand,partial,unknown,slight,male,unknown,,,,unknown,low,unknown,,,No filtered YOLO crab detection; molt estimate not run. View angle is provisional; repo has no side-view classifier.,new,orientation_classifier_low_confidence_or_uncertain,ViT-B/16 ImageNet features + LogisticRegression on data/sam3_orientation; side is a bbox-aspect heuristic,0.9971,user_field_note_blue_cooler_all_male; no sex classifier found in repo,not_estimated,not_run_no_filtered_yolo_detection,models/fathomnet_mvp_yolov8_1280_20240914.pt,0,0,,,
2026-05-29,blue_cooler,2026-05-29_blue_cooler_IMG_2707,local:data/raw/Green Crab AI 2026,IMG_2707.jpeg,Grace Welles; Gabriela Bradt,ventral,unknown,shade,hand,partial,unknown,none,male,unknown,,,,unknown,low,unknown,,,No filtered YOLO crab detection; molt estimate not run.,new,vit_logistic_regression_trained_on_data_sam3_orientation,ViT-B/16 ImageNet features + LogisticRegression on data/sam3_orientation; side is a bbox-aspect heuristic,0.7537,user_field_note_blue_cooler_all_male; no sex classifier found in repo,not_estimated,not_run_no_filtered_yolo_detection,models/fathomnet_mvp_yolov8_1280_20240914.pt,0,0,,,
2026-05-29,blue_cooler,2026-05-29_blue_cooler_IMG_2708,local:data/raw/Green Crab AI 2026,IMG_2708.jpeg,Grace Welles; Gabriela Bradt,unknown,close_under_6in,shade,hand,1,partially_cut_off,none,male,unknown,,,9.391,pre_molt,high,unknown,,,View angle is provisional; repo has no side-view classifier.,new,orientation_classifier_low_confidence_or_uncertain,ViT-B/16 ImageNet features + LogisticRegression on data/sam3_orientation; side is a bbox-aspect heuristic,0.89,user_field_note_blue_cooler_all_male; no sex classifier found in repo,not_estimated,best_vit_regressor.joblib_on_yolo_primary_crop,models/fathomnet_mvp_yolov8_1280_20240914.pt,2,1,0.5595,0.72067,1.002
2026-05-29,blue_cooler,2026-05-29_blue_cooler_IMG_2709,local:data/raw/Green Crab AI 2026,IMG_2709.jpeg,Grace Welles; Gabriela Bradt,unknown,close_under_6in,shade,hand,1,partially_cut_off,none,male,unknown,,,6.77,pre_molt,high,unknown,,,View angle is provisional; repo has no side-view classifier.,new,orientation_classifier_low_confidence_or_uncertain,ViT-B/16 ImageNet features + LogisticRegression on data/sam3_orientation; side is a bbox-aspect heuristic,0.7052,user_field_note_blue_cooler_all_male; no sex classifier found in repo,not_estimated,best_vit_regressor.joblib_on_yolo_primary_crop,models/fathomnet_mvp_yolov8_1280_20240914.pt,1,1,0.3537,0.64877,1.107
2026-05-29,blue_cooler,2026-05-29_blue_cooler_IMG_2711,local:data/raw/Green Crab AI 2026,IMG_2711.jpeg,Grace Welles; Gabriela Bradt,unknown,unknown,shade,hand,partial,unknown,none,male,unknown,,,,unknown,low,unknown,,,No filtered YOLO crab detection; molt estimate not run. View angle is provisional; repo has no side-view classifier.,new,orientation_classifier_low_confidence_or_uncertain,ViT-B/16 ImageNet features + LogisticRegression on data/sam3_orientation; side is a bbox-aspect heuristic,0.9923,user_field_note_blue_cooler_all_male; no sex classifier found in repo,not_estimated,not_run_no_filtered_yolo_detection,models/fathomnet_mvp_yolov8_1280_20240914.pt,0,0,,,
2026-05-29,blue_cooler,2026-05-29_blue_cooler_IMG_2712,local:data/raw/Green Crab AI 2026,IMG_2712.jpeg,Grace Welles; Gabriela Bradt,unknown,unknown,shade,hand,partial,unknown,none,male,unknown,,,,unknown,low,unknown,,,No filtered YOLO crab detection; molt estimate not run. View angle is provisional; repo has no side-view classifier.,new,orientation_classifier_low_confidence_or_uncertain,ViT-B/16 ImageNet features + LogisticRegression on data/sam3_orientation; side is a bbox-aspect heuristic,0.9824,user_field_note_blue_cooler_all_male; no sex classifier found in repo,not_estimated,not_run_no_filtered_yolo_detection,models/fathomnet_mvp_yolov8_1280_20240914.pt,0,0,,,
2026-05-29,blue_cooler,2026-05-29_blue_cooler_IMG_2713,local:data/raw/Green Crab AI 2026,IMG_2713.jpeg,Grace Welles; Gabriela Bradt,unknown,close_under_6in,shade,hand,1,partially_cut_off,none,male,unknown,,,11.167,pre_molt,high,unknown,,,View angle is provisional; repo has no side-view classifier.,new,orientation_classifier_low_confidence_or_uncertain,ViT-B/16 ImageNet features + LogisticRegression on data/sam3_orientation; side is a bbox-aspect heuristic,0.9149,user_field_note_blue_cooler_all_male; no sex classifier found in repo,not_estimated,best_vit_regressor.joblib_on_yolo_primary_crop,models/fathomnet_mvp_yolov8_1280_20240914.pt,1,1,0.2577,0.49875,0.694
2026-05-29,blue_cooler,2026-05-29_blue_cooler_IMG_2714,local:data/raw/Green Crab AI 2026,IMG_2714.jpeg,Grace Welles; Gabriela Bradt,unknown,medium_6_12in,shade,hand,1,centered,none,male,unknown,,,13.46,pre_molt,high,unknown,,,View angle is provisional; repo has no side-view classifier.,new,orientation_classifier_low_confidence_or_uncertain,ViT-B/16 ImageNet features + LogisticRegression on data/sam3_orientation; side is a bbox-aspect heuristic,0.964,user_field_note_blue_cooler_all_male; no sex classifier found in repo,not_estimated,best_vit_regressor.joblib_on_yolo_primary_crop,models/fathomnet_mvp_yolov8_1280_20240914.pt,1,1,0.3342,0.29304,1.232
2026-05-29,blue_cooler,2026-05-29_blue_cooler_IMG_2715,local:data/raw/Green Crab AI 2026,IMG_2715.jpeg,Grace Welles; Gabriela Bradt,unknown,unknown,shade,hand,partial,unknown,none,male,unknown,,,,unknown,low,unknown,,,No filtered YOLO crab detection; molt estimate not run. View angle is provisional; repo has no side-view classifier.,new,orientation_classifier_low_confidence_or_uncertain,ViT-B/16 ImageNet features + LogisticRegression on data/sam3_orientation; side is a bbox-aspect heuristic,0.9138,user_field_note_blue_cooler_all_male; no sex classifier found in repo,not_estimated,not_run_no_filtered_yolo_detection,models/fathomnet_mvp_yolov8_1280_20240914.pt,0,0,,,
2026-05-29,blue_cooler,2026-05-29_blue_cooler_IMG_2716,local:data/raw/Green Crab AI 2026,IMG_2716.jpeg,Grace Welles; Gabriela Bradt,unknown,unknown,shade,hand,partial,unknown,none,male,unknown,,,,unknown,low,unknown,,,No filtered YOLO crab detection; molt estimate not run. View angle is provisional; repo has no side-view classifier.,new,orientation_classifier_low_confidence_or_uncertain,ViT-B/16 ImageNet features + LogisticRegression on data/sam3_orientation; side is a bbox-aspect heuristic,0.9992,user_field_note_blue_cooler_all_male; no sex classifier found in repo,not_estimated,not_run_no_filtered_yolo_detection,models/fathomnet_mvp_yolov8_1280_20240914.pt,0,0,,,
2026-05-29,blue_cooler,2026-05-29_blue_cooler_IMG_2717,local:data/raw/Green Crab AI 2026,IMG_2717.jpeg,Grace Welles; Gabriela Bradt,unknown,unknown,shade,hand,partial,unknown,none,male,unknown,,,,unknown,low,unknown,,,No filtered YOLO crab detection; molt estimate not run. View angle is provisional; repo has no side-view classifier.,new,orientation_classifier_low_confidence_or_uncertain,ViT-B/16 ImageNet features + LogisticRegression on data/sam3_orientation; side is a bbox-aspect heuristic,0.5457,user_field_note_blue_cooler_all_male; no sex classifier found in repo,not_estimated,not_run_no_filtered_yolo_detection,models/fathomnet_mvp_yolov8_1280_20240914.pt,0,0,,,
2026-05-29,blue_cooler,2026-05-29_blue_cooler_IMG_2718,local:data/raw/Green Crab AI 2026,IMG_2718.jpeg,Grace Welles; Gabriela Bradt,unknown,unknown,shade,hand,partial,unknown,none,male,unknown,,,,unknown,low,unknown,,,No filtered YOLO crab detection; molt estimate not run. View angle is provisional; repo has no side-view classifier.,new,orientation_classifier_low_confidence_or_uncertain,ViT-B/16 ImageNet features + LogisticRegression on data/sam3_orientation; side is a bbox-aspect heuristic,0.8879,user_field_note_blue_cooler_all_male; no sex classifier found in repo,not_estimated,not_run_no_filtered_yolo_detection,models/fathomnet_mvp_yolov8_1280_20240914.pt,0,0,,,
2026-05-29,blue_cooler,2026-05-29_blue_cooler_IMG_2719,local:data/raw/Green Crab AI 2026,IMG_2719.jpeg,Grace Welles; Gabriela Bradt,unknown,unknown,shade,hand,partial,unknown,none,male,unknown,,,,unknown,low,unknown,,,No filtered YOLO crab detection; molt estimate not run. View angle is provisional; repo has no side-view classifier.,new,orientation_classifier_low_confidence_or_uncertain,ViT-B/16 ImageNet features + LogisticRegression on data/sam3_orientation; side is a bbox-aspect heuristic,0.8641,user_field_note_blue_cooler_all_male; no sex classifier found in repo,not_estimated,not_run_no_filtered_yolo_detection,models/fathomnet_mvp_yolov8_1280_20240914.pt,0,0,,,
2026-05-29,blue_cooler,2026-05-29_blue_cooler_IMG_2720,local:data/raw/Green Crab AI 2026,IMG_2720.jpeg,Grace Welles; Gabriela Bradt,unknown,close_under_6in,shade,hand,1,partially_cut_off,none,male,unknown,,,7.306,pre_molt,high,unknown,,,View angle is provisional; repo has no side-view classifier.,new,orientation_classifier_low_confidence_or_uncertain,ViT-B/16 ImageNet features + LogisticRegression on data/sam3_orientation; side is a bbox-aspect heuristic,0.5121,user_field_note_blue_cooler_all_male; no sex classifier found in repo,not_estimated,best_vit_regressor.joblib_on_yolo_primary_crop,models/fathomnet_mvp_yolov8_1280_20240914.pt,1,1,0.3584,0.73299,0.986
2026-05-29,blue_cooler,2026-05-29_blue_cooler_IMG_2721,local:data/raw/Green Crab AI 2026,IMG_2721.jpeg,Grace Welles; Gabriela Bradt,unknown,unknown,mixed,hand,partial,unknown,none,male,unknown,,,,unknown,low,unknown,,,No filtered YOLO crab detection; molt estimate not run. View angle is provisional; repo has no side-view classifier.,new,orientation_classifier_low_confidence_or_uncertain,ViT-B/16 ImageNet features + LogisticRegression on data/sam3_orientation; side is a bbox-aspect heuristic,0.9329,user_field_note_blue_cooler_all_male; no sex classifier found in repo,not_estimated,not_run_no_filtered_yolo_detection,models/fathomnet_mvp_yolov8_1280_20240914.pt,0,0,,,
2026-05-29,blue_cooler,2026-05-29_blue_cooler_IMG_2722,local:data/raw/Green Crab AI 2026,IMG_2722.jpeg,Grace Welles; Gabriela Bradt,unknown,close_under_6in,shade,hand,1,partially_cut_off,none,male,unknown,,,10.124,pre_molt,high,unknown,,,View angle is provisional; repo has no side-view classifier.,new,orientation_classifier_low_confidence_or_uncertain,ViT-B/16 ImageNet features + LogisticRegression on data/sam3_orientation; side is a bbox-aspect heuristic,0.9865,user_field_note_blue_cooler_all_male; no sex classifier found in repo,not_estimated,best_vit_regressor.joblib_on_yolo_primary_crop,models/fathomnet_mvp_yolov8_1280_20240914.pt,1,1,0.6332,0.71878,0.972
2026-05-29,blue_cooler,2026-05-29_blue_cooler_IMG_2723,local:data/raw/Green Crab AI 2026,IMG_2723.jpeg,Grace Welles; Gabriela Bradt,unknown,unknown,shade,hand,partial,unknown,none,male,unknown,,,,unknown,low,unknown,,,No filtered YOLO crab detection; molt estimate not run. View angle is provisional; repo has no side-view classifier.,new,orientation_classifier_low_confidence_or_uncertain,ViT-B/16 ImageNet features + LogisticRegression on data/sam3_orientation; side is a bbox-aspect heuristic,0.9931,user_field_note_blue_cooler_all_male; no sex classifier found in repo,not_estimated,not_run_no_filtered_yolo_detection,models/fathomnet_mvp_yolov8_1280_20240914.pt,1,0,,,
2026-05-29,blue_cooler,2026-05-29_blue_cooler_IMG_2724,local:data/raw/Green Crab AI 2026,IMG_2724.jpeg,Grace Welles; Gabriela Bradt,unknown,unknown,shade,hand,partial,unknown,none,male,unknown,,,,unknown,low,unknown,,,No filtered YOLO crab detection; molt estimate not run. View angle is provisional; repo has no side-view classifier.,new,orientation_classifier_low_confidence_or_uncertain,ViT-B/16 ImageNet features + LogisticRegression on data/sam3_orientation; side is a bbox-aspect heuristic,0.9864,user_field_note_blue_cooler_all_male; no sex classifier found in repo,not_estimated,not_run_no_filtered_yolo_detection,models/fathomnet_mvp_yolov8_1280_20240914.pt,0,0,,,
2026-05-29,blue_cooler,2026-05-29_blue_cooler_IMG_2725,local:data/raw/Green Crab AI 2026,IMG_2725.jpeg,Grace Welles; Gabriela Bradt,unknown,close_under_6in,shade,hand,multiple,partially_cut_off,none,male,unknown,,,7.516,pre_molt,high,unknown,,,Multiple filtered crab detections; primary detection selected automatically. View angle is provisional; repo has no side-view classifier.,new,orientation_classifier_low_confidence_or_uncertain,ViT-B/16 ImageNet features + LogisticRegression on data/sam3_orientation; side is a bbox-aspect heuristic,0.9996,user_field_note_blue_cooler_all_male; no sex classifier found in repo,not_estimated,best_vit_regressor.joblib_on_yolo_primary_crop,models/fathomnet_mvp_yolov8_1280_20240914.pt,2,2,0.4827,0.73175,0.988
2026-05-29,blue_cooler,2026-05-29_blue_cooler_IMG_2726,local:data/raw/Green Crab AI 2026,IMG_2726.jpeg,Grace Welles; Gabriela Bradt,unknown,unknown,mixed,hand,partial,unknown,slight,male,unknown,,,,unknown,low,unknown,,,No filtered YOLO crab detection; molt estimate not run. View angle is provisional; repo has no side-view classifier.,new,orientation_classifier_low_confidence_or_uncertain,ViT-B/16 ImageNet features + LogisticRegression on data/sam3_orientation; side is a bbox-aspect heuristic,0.9993,user_field_note_blue_cooler_all_male; no sex classifier found in repo,not_estimated,not_run_no_filtered_yolo_detection,models/fathomnet_mvp_yolov8_1280_20240914.pt,1,0,,,
2026-05-29,blue_cooler,2026-05-29_blue_cooler_IMG_2727,local:data/raw/Green Crab AI 2026,IMG_2727.jpeg,Grace Welles; Gabriela Bradt,unknown,unknown,shade,hand,partial,unknown,none,male,unknown,,,,unknown,low,unknown,,,No filtered YOLO crab detection; molt estimate not run. View angle is provisional; repo has no side-view classifier.,new,orientation_classifier_low_confidence_or_uncertain,ViT-B/16 ImageNet features + LogisticRegression on data/sam3_orientation; side is a bbox-aspect heuristic,0.8295,user_field_note_blue_cooler_all_male; no sex classifier found in repo,not_estimated,not_run_no_filtered_yolo_detection,models/fathomnet_mvp_yolov8_1280_20240914.pt,0,0,,,
2026-05-29,blue_cooler,2026-05-29_blue_cooler_IMG_2729,local:data/raw/Green Crab AI 2026,IMG_2729.jpeg,Grace Welles; Gabriela Bradt,unknown,unknown,mixed,hand,partial,unknown,none,male,unknown,,,,unknown,low,unknown,,,No filtered YOLO crab detection; molt estimate not run. View angle is provisional; repo has no side-view classifier.,new,orientation_classifier_low_confidence_or_uncertain,ViT-B/16 ImageNet features + LogisticRegression on data/sam3_orientation; side is a bbox-aspect heuristic,0.5196,user_field_note_blue_cooler_all_male; no sex classifier found in repo,not_estimated,not_run_no_filtered_yolo_detection,models/fathomnet_mvp_yolov8_1280_20240914.pt,0,0,,,
2026-05-29,blue_cooler,2026-05-29_blue_cooler_IMG_2731,local:data/raw/Green Crab AI 2026,IMG_2731.jpeg,Grace Welles; Gabriela Bradt,unknown,close_under_6in,shade,hand,1,partially_cut_off,none,male,unknown,,,11.946,pre_molt,high,unknown,,,View angle is provisional; repo has no side-view classifier.,new,orientation_classifier_low_confidence_or_uncertain,ViT-B/16 ImageNet features + LogisticRegression on data/sam3_orientation; side is a bbox-aspect heuristic,0.9428,user_field_note_blue_cooler_all_male; no sex classifier found in repo,not_estimated,best_vit_regressor.joblib_on_yolo_primary_crop,models/fathomnet_mvp_yolov8_1280_20240914.pt,1,1,0.4544,0.73526,0.984
2026-05-29,blue_cooler,2026-05-29_blue_cooler_IMG_2732,local:data/raw/Green Crab AI 2026,IMG_2732.jpeg,Grace Welles; Gabriela Bradt,unknown,unknown,shade,hand,partial,unknown,none,male,unknown,,,,unknown,low,unknown,,,No filtered YOLO crab detection; molt estimate not run. View angle is provisional; repo has no side-view classifier.,new,orientation_classifier_low_confidence_or_uncertain,ViT-B/16 ImageNet features + LogisticRegression on data/sam3_orientation; side is a bbox-aspect heuristic,0.9828,user_field_note_blue_cooler_all_male; no sex classifier found in repo,not_estimated,not_run_no_filtered_yolo_detection,models/fathomnet_mvp_yolov8_1280_20240914.pt,0,0,,,
2026-05-29,blue_cooler,2026-05-29_blue_cooler_IMG_2733,local:data/raw/Green Crab AI 2026,IMG_2733.jpeg,Grace Welles; Gabriela Bradt,unknown,unknown,shade,hand,partial,unknown,none,male,unknown,,,,unknown,low,unknown,,,No filtered YOLO crab detection; molt estimate not run. View angle is provisional; repo has no side-view classifier.,new,orientation_classifier_low_confidence_or_uncertain,ViT-B/16 ImageNet features + LogisticRegression on data/sam3_orientation; side is a bbox-aspect heuristic,0.5696,user_field_note_blue_cooler_all_male; no sex classifier found in repo,not_estimated,not_run_no_filtered_yolo_detection,models/fathomnet_mvp_yolov8_1280_20240914.pt,0,0,,,
2026-05-29,blue_cooler,2026-05-29_blue_cooler_IMG_2734,local:data/raw/Green Crab AI 2026,IMG_2734.jpeg,Grace Welles; Gabriela Bradt,unknown,unknown,shade,hand,partial,unknown,none,male,unknown,,,,unknown,low,unknown,,,No filtered YOLO crab detection; molt estimate not run. View angle is provisional; repo has no side-view classifier.,new,orientation_classifier_low_confidence_or_uncertain,ViT-B/16 ImageNet features + LogisticRegression on data/sam3_orientation; side is a bbox-aspect heuristic,0.9913,user_field_note_blue_cooler_all_male; no sex classifier found in repo,not_estimated,not_run_no_filtered_yolo_detection,models/fathomnet_mvp_yolov8_1280_20240914.pt,0,0,,,
2026-05-29,blue_cooler,2026-05-29_blue_cooler_IMG_2735,local:data/raw/Green Crab AI 2026,IMG_2735.jpeg,Grace Welles; Gabriela Bradt,unknown,unknown,shade,hand,partial,unknown,none,male,unknown,,,,unknown,low,unknown,,,No filtered YOLO crab detection; molt estimate not run. View angle is provisional; repo has no side-view classifier.,new,orientation_classifier_low_confidence_or_uncertain,ViT-B/16 ImageNet features + LogisticRegression on data/sam3_orientation; side is a bbox-aspect heuristic,0.6886,user_field_note_blue_cooler_all_male; no sex classifier found in repo,not_estimated,not_run_no_filtered_yolo_detection,models/fathomnet_mvp_yolov8_1280_20240914.pt,0,0,,,
2026-05-29,blue_cooler,2026-05-29_blue_cooler_IMG_2736,local:data/raw/Green Crab AI 2026,IMG_2736.jpeg,Grace Welles; Gabriela Bradt,unknown,unknown,shade,hand,partial,unknown,none,male,unknown,,,,unknown,low,unknown,,,No filtered YOLO crab detection; molt estimate not run. View angle is provisional; repo has no side-view classifier.,new,orientation_classifier_low_confidence_or_uncertain,ViT-B/16 ImageNet features + LogisticRegression on data/sam3_orientation; side is a bbox-aspect heuristic,0.9173,user_field_note_blue_cooler_all_male; no sex classifier found in repo,not_estimated,not_run_no_filtered_yolo_detection,models/fathomnet_mvp_yolov8_1280_20240914.pt,1,0,,,
2026-05-29,blue_cooler,2026-05-29_blue_cooler_IMG_2737,local:data/raw/Green Crab AI 2026,IMG_2737.jpeg,Grace Welles; Gabriela Bradt,unknown,unknown,shade,hand,partial,unknown,none,male,unknown,,,,unknown,low,unknown,,,No filtered YOLO crab detection; molt estimate not run. View angle is provisional; repo has no side-view classifier.,new,orientation_classifier_low_confidence_or_uncertain,ViT-B/16 ImageNet features + LogisticRegression on data/sam3_orientation; side is a bbox-aspect heuristic,0.6587,user_field_note_blue_cooler_all_male; no sex classifier found in repo,not_estimated,not_run_no_filtered_yolo_detection,models/fathomnet_mvp_yolov8_1280_20240914.pt,0,0,,,
2026-05-29,blue_cooler,2026-05-29_blue_cooler_IMG_2738,local:data/raw/Green Crab AI 2026,IMG_2738.jpeg,Grace Welles; Gabriela Bradt,unknown,unknown,shade,hand,partial,unknown,none,male,unknown,,,,unknown,low,unknown,,,No filtered YOLO crab detection; molt estimate not run. View angle is provisional; repo has no side-view classifier.,new,orientation_classifier_low_confidence_or_uncertain,ViT-B/16 ImageNet features + LogisticRegression on data/sam3_orientation; side is a bbox-aspect heuristic,0.9361,user_field_note_blue_cooler_all_male; no sex classifier found in repo,not_estimated,not_run_no_filtered_yolo_detection,models/fathomnet_mvp_yolov8_1280_20240914.pt,0,0,,,
2026-05-29,blue_cooler,2026-05-29_blue_cooler_IMG_2739,local:data/raw/Green Crab AI 2026,IMG_2739.jpeg,Grace Welles; Gabriela Bradt,unknown,unknown,shade,hand,partial,unknown,none,male,unknown,,,,unknown,low,unknown,,,No filtered YOLO crab detection; molt estimate not run. View angle is provisional; repo has no side-view classifier.,new,orientation_classifier_low_confidence_or_uncertain,ViT-B/16 ImageNet features + LogisticRegression on data/sam3_orientation; side is a bbox-aspect heuristic,0.9873,user_field_note_blue_cooler_all_male; no sex classifier found in repo,not_estimated,not_run_no_filtered_yolo_detection,models/fathomnet_mvp_yolov8_1280_20240914.pt,0,0,,,
2026-05-29,blue_cooler,2026-05-29_blue_cooler_IMG_2740,local:data/raw/Green Crab AI 2026,IMG_2740.jpeg,Grace Welles; Gabriela Bradt,unknown,unknown,shade,hand,partial,unknown,none,male,unknown,,,,unknown,low,unknown,,,No filtered YOLO crab detection; molt estimate not run. View angle is provisional; repo has no side-view classifier.,new,orientation_classifier_low_confidence_or_uncertain,ViT-B/16 ImageNet features + LogisticRegression on data/sam3_orientation; side is a bbox-aspect heuristic,1.0,user_field_note_blue_cooler_all_male; no sex classifier found in repo,not_estimated,not_run_no_filtered_yolo_detection,models/fathomnet_mvp_yolov8_1280_20240914.pt,0,0,,,
2026-05-29,blue_cooler,2026-05-29_blue_cooler_IMG_2741,local:data/raw/Green Crab AI 2026,IMG_2741.jpeg,Grace Welles; Gabriela Bradt,unknown,unknown,shade,hand,partial,unknown,none,male,unknown,,,,unknown,low,unknown,,,No filtered YOLO crab detection; molt estimate not run. View angle is provisional; repo has no side-view classifier.,new,orientation_classifier_low_confidence_or_uncertain,ViT-B/16 ImageNet features + LogisticRegression on data/sam3_orientation; side is a bbox-aspect heuristic,0.983,user_field_note_blue_cooler_all_male; no sex classifier found in repo,not_estimated,not_run_no_filtered_yolo_detection,models/fathomnet_mvp_yolov8_1280_20240914.pt,0,0,,,
2026-05-29,blue_cooler,2026-05-29_blue_cooler_IMG_2742,local:data/raw/Green Crab AI 2026,IMG_2742.jpeg,Grace Welles; Gabriela Bradt,unknown,unknown,shade,hand,partial,unknown,none,male,unknown,,,,unknown,low,unknown,,,No filtered YOLO crab detection; molt estimate not run. View angle is provisional; repo has no side-view classifier.,new,orientation_classifier_low_confidence_or_uncertain,ViT-B/16 ImageNet features + LogisticRegression on data/sam3_orientation; side is a bbox-aspect heuristic,0.9722,user_field_note_blue_cooler_all_male; no sex classifier found in repo,not_estimated,not_run_no_filtered_yolo_detection,models/fathomnet_mvp_yolov8_1280_20240914.pt,0,0,,,
2026-05-29,blue_cooler,2026-05-29_blue_cooler_IMG_2743,local:data/raw/Green Crab AI 2026,IMG_2743.jpeg,Grace Welles; Gabriela Bradt,unknown,close_under_6in,shade,hand,1,partially_cut_off,none,male,unknown,,,11.593,pre_molt,high,unknown,,,View angle is provisional; repo has no side-view classifier.,new,orientation_classifier_low_confidence_or_uncertain,ViT-B/16 ImageNet features + LogisticRegression on data/sam3_orientation; side is a bbox-aspect heuristic,0.8098,user_field_note_blue_cooler_all_male; no sex classifier found in repo,not_estimated,best_vit_regressor.joblib_on_yolo_primary_crop,models/fathomnet_mvp_yolov8_1280_20240914.pt,1,1,0.2621,0.73383,0.986
2026-05-29,blue_cooler,2026-05-29_blue_cooler_IMG_2744,local:data/raw/Green Crab AI 2026,IMG_2744.jpeg,Grace Welles; Gabriela Bradt,unknown,unknown,shade,hand,partial,unknown,none,male,unknown,,,,unknown,low,unknown,,,No filtered YOLO crab detection; molt estimate not run. View angle is provisional; repo has no side-view classifier.,new,orientation_classifier_low_confidence_or_uncertain,ViT-B/16 ImageNet features + LogisticRegression on data/sam3_orientation; side is a bbox-aspect heuristic,0.9259,user_field_note_blue_cooler_all_male; no sex classifier found in repo,not_estimated,not_run_no_filtered_yolo_detection,models/fathomnet_mvp_yolov8_1280_20240914.pt,0,0,,,
2026-05-29,blue_cooler,2026-05-29_blue_cooler_IMG_2745,local:data/raw/Green Crab AI 2026,IMG_2745.jpeg,Grace Welles; Gabriela Bradt,unknown,unknown,shade,hand,partial,unknown,none,male,unknown,,,,unknown,low,unknown,,,No filtered YOLO crab detection; molt estimate not run. View angle is provisional; repo has no side-view classifier.,new,orientation_classifier_low_confidence_or_uncertain,ViT-B/16 ImageNet features + LogisticRegression on data/sam3_orientation; side is a bbox-aspect heuristic,0.9856,user_field_note_blue_cooler_all_male; no sex classifier found in repo,not_estimated,not_run_no_filtered_yolo_detection,models/fathomnet_mvp_yolov8_1280_20240914.pt,1,0,,,
2026-05-29,blue_cooler,2026-05-29_blue_cooler_IMG_2746,local:data/raw/Green Crab AI 2026,IMG_2746.jpeg,Grace Welles; Gabriela Bradt,unknown,unknown,shade,hand,partial,unknown,none,male,unknown,,,,unknown,low,unknown,,,No filtered YOLO crab detection; molt estimate not run. View angle is provisional; repo has no side-view classifier.,new,orientation_classifier_low_confidence_or_uncertain,ViT-B/16 ImageNet features + LogisticRegression on data/sam3_orientation; side is a bbox-aspect heuristic,0.977,user_field_note_blue_cooler_all_male; no sex classifier found in repo,not_estimated,not_run_no_filtered_yolo_detection,models/fathomnet_mvp_yolov8_1280_20240914.pt,0,0,,,
2026-05-29,blue_cooler,2026-05-29_blue_cooler_IMG_2747,local:data/raw/Green Crab AI 2026,IMG_2747.jpeg,Grace Welles; Gabriela Bradt,unknown,unknown,shade,hand,partial,unknown,severe,male,unknown,,,,unknown,low,unknown,,,No filtered YOLO crab detection; molt estimate not run. View angle is provisional; repo has no side-view classifier.,new,orientation_classifier_low_confidence_or_uncertain,ViT-B/16 ImageNet features + LogisticRegression on data/sam3_orientation; side is a bbox-aspect heuristic,1.0,user_field_note_blue_cooler_all_male; no sex classifier found in repo,not_estimated,not_run_no_filtered_yolo_detection,models/fathomnet_mvp_yolov8_1280_20240914.pt,0,0,,,
2026-05-29,blue_cooler,2026-05-29_blue_cooler_IMG_2748,local:data/raw/Green Crab AI 2026,IMG_2748.jpeg,Grace Welles; Gabriela Bradt,unknown,unknown,shade,hand,partial,unknown,none,male,unknown,,,,unknown,low,unknown,,,No filtered YOLO crab detection; molt estimate not run. View angle is provisional; repo has no side-view classifier.,new,orientation_classifier_low_confidence_or_uncertain,ViT-B/16 ImageNet features + LogisticRegression on data/sam3_orientation; side is a bbox-aspect heuristic,0.9995,user_field_note_blue_cooler_all_male; no sex classifier found in repo,not_estimated,not_run_no_filtered_yolo_detection,models/fathomnet_mvp_yolov8_1280_20240914.pt,0,0,,,
2026-05-29,blue_cooler,2026-05-29_blue_cooler_IMG_2749,local:data/raw/Green Crab AI 2026,IMG_2749.jpeg,Grace Welles; Gabriela Bradt,unknown,unknown,shade,hand,partial,unknown,none,male,unknown,,,,unknown,low,unknown,,,No filtered YOLO crab detection; molt estimate not run. View angle is provisional; repo has no side-view classifier.,new,orientation_classifier_low_confidence_or_uncertain,ViT-B/16 ImageNet features + LogisticRegression on data/sam3_orientation; side is a bbox-aspect heuristic,0.5477,user_field_note_blue_cooler_all_male; no sex classifier found in repo,not_estimated,not_run_no_filtered_yolo_detection,models/fathomnet_mvp_yolov8_1280_20240914.pt,1,0,,,
2026-05-29,blue_cooler,2026-05-29_blue_cooler_IMG_2750,local:data/raw/Green Crab AI 2026,IMG_2750.jpeg,Grace Welles; Gabriela Bradt,unknown,unknown,shade,hand,partial,unknown,none,male,unknown,,,,unknown,low,unknown,,,No filtered YOLO crab detection; molt estimate not run. View angle is provisional; repo has no side-view classifier.,new,orientation_classifier_low_confidence_or_uncertain,ViT-B/16 ImageNet features + LogisticRegression on data/sam3_orientation; side is a bbox-aspect heuristic,0.9995,user_field_note_blue_cooler_all_male; no sex classifier found in repo,not_estimated,not_run_no_filtered_yolo_detection,models/fathomnet_mvp_yolov8_1280_20240914.pt,0,0,,,
2026-05-29,blue_cooler,2026-05-29_blue_cooler_IMG_2751,local:data/raw/Green Crab AI 2026,IMG_2751.jpeg,Grace Welles; Gabriela Bradt,unknown,unknown,shade,hand,partial,unknown,none,male,unknown,,,,unknown,low,unknown,,,No filtered YOLO crab detection; molt estimate not run. View angle is provisional; repo has no side-view classifier.,new,orientation_classifier_low_confidence_or_uncertain,ViT-B/16 ImageNet features + LogisticRegression on data/sam3_orientation; side is a bbox-aspect heuristic,0.9952,user_field_note_blue_cooler_all_male; no sex classifier found in repo,not_estimated,not_run_no_filtered_yolo_detection,models/fathomnet_mvp_yolov8_1280_20240914.pt,0,0,,,
2026-05-29,blue_cooler,2026-05-29_blue_cooler_IMG_2752,local:data/raw/Green Crab AI 2026,IMG_2752.jpeg,Grace Welles; Gabriela Bradt,ventral,unknown,shade,hand,partial,unknown,none,male,unknown,,,,unknown,low,unknown,,,No filtered YOLO crab detection; molt estimate not run.,new,vit_logistic_regression_trained_on_data_sam3_orientation,ViT-B/16 ImageNet features + LogisticRegression on data/sam3_orientation; side is a bbox-aspect heuristic,0.8582,user_field_note_blue_cooler_all_male; no sex classifier found in repo,not_estimated,not_run_no_filtered_yolo_detection,models/fathomnet_mvp_yolov8_1280_20240914.pt,1,0,,,
2026-05-29,blue_cooler,2026-05-29_blue_cooler_IMG_2753,local:data/raw/Green Crab AI 2026,IMG_2753.jpeg,Grace Welles; Gabriela Bradt,unknown,unknown,shade,hand,partial,unknown,none,male,unknown,,,,unknown,low,unknown,,,No filtered YOLO crab detection; molt estimate not run. View angle is provisional; repo has no side-view classifier.,new,orientation_classifier_low_confidence_or_uncertain,ViT-B/16 ImageNet features + LogisticRegression on data/sam3_orientation; side is a bbox-aspect heuristic,0.546,user_field_note_blue_cooler_all_male; no sex classifier found in repo,not_estimated,not_run_no_filtered_yolo_detection,models/fathomnet_mvp_yolov8_1280_20240914.pt,0,0,,,
2026-05-29,blue_cooler,2026-05-29_blue_cooler_IMG_2754,local:data/raw/Green Crab AI 2026,IMG_2754.jpeg,Grace Welles; Gabriela Bradt,unknown,close_under_6in,shade,hand,1,partially_cut_off,none,male,unknown,,,12.458,pre_molt,high,unknown,,,View angle is provisional; repo has no side-view classifier.,new,orientation_classifier_low_confidence_or_uncertain,ViT-B/16 ImageNet features + LogisticRegression on data/sam3_orientation; side is a bbox-aspect heuristic,0.9759,user_field_note_blue_cooler_all_male; no sex classifier found in repo,not_estimated,best_vit_regressor.joblib_on_yolo_primary_crop,models/fathomnet_mvp_yolov8_1280_20240914.pt,1,1,0.3121,0.55431,0.953
2026-05-29,blue_cooler,2026-05-29_blue_cooler_IMG_2755,local:data/raw/Green Crab AI 2026,IMG_2755.jpeg,Grace Welles; Gabriela Bradt,ventral,close_under_6in,shade,hand,1,partially_cut_off,none,male,unknown,,,9.591,pre_molt,high,unknown,,,,new,vit_logistic_regression_trained_on_data_sam3_orientation,ViT-B/16 ImageNet features + LogisticRegression on data/sam3_orientation; side is a bbox-aspect heuristic,0.5905,user_field_note_blue_cooler_all_male; no sex classifier found in repo,not_estimated,best_vit_regressor.joblib_on_yolo_primary_crop,models/fathomnet_mvp_yolov8_1280_20240914.pt,1,1,0.4998,0.72261,1.002
2026-05-29,blue_cooler,2026-05-29_blue_cooler_IMG_2756,local:data/raw/Green Crab AI 2026,IMG_2756.jpeg,Grace Welles; Gabriela Bradt,unknown,unknown,shade,hand,partial,unknown,none,male,unknown,,,,unknown,low,unknown,,,No filtered YOLO crab detection; molt estimate not run. View angle is provisional; repo has no side-view classifier.,new,orientation_classifier_low_confidence_or_uncertain,ViT-B/16 ImageNet features + LogisticRegression on data/sam3_orientation; side is a bbox-aspect heuristic,0.9996,user_field_note_blue_cooler_all_male; no sex classifier found in repo,not_estimated,not_run_no_filtered_yolo_detection,models/fathomnet_mvp_yolov8_1280_20240914.pt,0,0,,,
2026-05-29,blue_cooler,2026-05-29_blue_cooler_IMG_2757,local:data/raw/Green Crab AI 2026,IMG_2757.jpeg,Grace Welles; Gabriela Bradt,unknown,close_under_6in,shade,hand,1,partially_cut_off,none,male,unknown,,,3.167,pre_molt,high,unknown,,,View angle is provisional; repo has no side-view classifier.,new,orientation_classifier_low_confidence_or_uncertain,ViT-B/16 ImageNet features + LogisticRegression on data/sam3_orientation; side is a bbox-aspect heuristic,0.9899,user_field_note_blue_cooler_all_male; no sex classifier found in repo,not_estimated,best_vit_regressor.joblib_on_yolo_primary_crop,models/fathomnet_mvp_yolov8_1280_20240914.pt,1,1,0.377,0.72581,0.983
2026-05-29,blue_cooler,2026-05-29_blue_cooler_IMG_2758,local:data/raw/Green Crab AI 2026,IMG_2758.jpeg,Grace Welles; Gabriela Bradt,unknown,close_under_6in,shade,hand,1,partially_cut_off,none,male,unknown,,,12.258,pre_molt,high,unknown,,,View angle is provisional; repo has no side-view classifier.,new,orientation_classifier_low_confidence_or_uncertain,ViT-B/16 ImageNet features + LogisticRegression on data/sam3_orientation; side is a bbox-aspect heuristic,0.9934,user_field_note_blue_cooler_all_male; no sex classifier found in repo,not_estimated,best_vit_regressor.joblib_on_yolo_primary_crop,models/fathomnet_mvp_yolov8_1280_20240914.pt,2,1,0.6299,0.62765,1.152
2026-05-29,blue_cooler,2026-05-29_blue_cooler_IMG_2759,local:data/raw/Green Crab AI 2026,IMG_2759.jpeg,Grace Welles; Gabriela Bradt,unknown,close_under_6in,shade,hand,1,partially_cut_off,none,male,unknown,,,14.941,intermolt,high,unknown,,,View angle is provisional; repo has no side-view classifier.,new,orientation_classifier_low_confidence_or_uncertain,ViT-B/16 ImageNet features + LogisticRegression on data/sam3_orientation; side is a bbox-aspect heuristic,0.9997,user_field_note_blue_cooler_all_male; no sex classifier found in repo,not_estimated,best_vit_regressor.joblib_on_yolo_primary_crop,models/fathomnet_mvp_yolov8_1280_20240914.pt,1,1,0.3483,0.71584,1.008
2026-05-29,blue_cooler,2026-05-29_blue_cooler_IMG_2760,local:data/raw/Green Crab AI 2026,IMG_2760.jpeg,Grace Welles; Gabriela Bradt,unknown,close_under_6in,shade,hand,1,partially_cut_off,none,male,unknown,,,5.493,pre_molt,high,unknown,,,View angle is provisional; repo has no side-view classifier.,new,orientation_classifier_low_confidence_or_uncertain,ViT-B/16 ImageNet features + LogisticRegression on data/sam3_orientation; side is a bbox-aspect heuristic,0.8916,user_field_note_blue_cooler_all_male; no sex classifier found in repo,not_estimated,best_vit_regressor.joblib_on_yolo_primary_crop,models/fathomnet_mvp_yolov8_1280_20240914.pt,1,1,0.2874,0.66713,0.907
2026-05-29,blue_cooler,2026-05-29_blue_cooler_IMG_2764,local:data/raw/Green Crab AI 2026,IMG_2764.jpeg,Grace Welles; Gabriela Bradt,unknown,unknown,shade,hand,partial,unknown,none,male,unknown,,,,unknown,low,unknown,,,No filtered YOLO crab detection; molt estimate not run. View angle is provisional; repo has no side-view classifier.,new,orientation_classifier_low_confidence_or_uncertain,ViT-B/16 ImageNet features + LogisticRegression on data/sam3_orientation; side is a bbox-aspect heuristic,0.7183,user_field_note_blue_cooler_all_male; no sex classifier found in repo,not_estimated,not_run_no_filtered_yolo_detection,models/fathomnet_mvp_yolov8_1280_20240914.pt,0,0,,,
2026-05-29,blue_cooler,2026-05-29_blue_cooler_IMG_2765,local:data/raw/Green Crab AI 2026,IMG_2765.jpeg,Grace Welles; Gabriela Bradt,unknown,close_under_6in,shade,hand,1,partially_cut_off,none,male,unknown,,,8.503,pre_molt,high,unknown,,,View angle is provisional; repo has no side-view classifier.,new,orientation_classifier_low_confidence_or_uncertain,ViT-B/16 ImageNet features + LogisticRegression on data/sam3_orientation; side is a bbox-aspect heuristic,0.6304,user_field_note_blue_cooler_all_male; no sex classifier found in repo,not_estimated,best_vit_regressor.joblib_on_yolo_primary_crop,models/fathomnet_mvp_yolov8_1280_20240914.pt,1,1,0.3071,0.69444,1.038
2026-05-29,blue_cooler,2026-05-29_blue_cooler_IMG_2766,local:data/raw/Green Crab AI 2026,IMG_2766.jpeg,Grace Welles; Gabriela Bradt,ventral,unknown,shade,hand,partial,unknown,none,male,unknown,,,,unknown,low,unknown,,,No filtered YOLO crab detection; molt estimate not run.,new,vit_logistic_regression_trained_on_data_sam3_orientation,ViT-B/16 ImageNet features + LogisticRegression on data/sam3_orientation; side is a bbox-aspect heuristic,0.7627,user_field_note_blue_cooler_all_male; no sex classifier found in repo,not_estimated,not_run_no_filtered_yolo_detection,models/fathomnet_mvp_yolov8_1280_20240914.pt,0,0,,,
2026-05-29,blue_cooler,2026-05-29_blue_cooler_IMG_2767,local:data/raw/Green Crab AI 2026,IMG_2767.jpeg,Grace Welles; Gabriela Bradt,unknown,close_under_6in,shade,hand,multiple,partially_cut_off,none,male,unknown,,,12.713,pre_molt,high,unknown,,,Multiple filtered crab detections; primary detection selected automatically. View angle is provisional; repo has no side-view classifier.,new,orientation_classifier_low_confidence_or_uncertain,ViT-B/16 ImageNet features + LogisticRegression on data/sam3_orientation; side is a bbox-aspect heuristic,0.7934,user_field_note_blue_cooler_all_male; no sex classifier found in repo,not_estimated,best_vit_regressor.joblib_on_yolo_primary_crop,models/fathomnet_mvp_yolov8_1280_20240914.pt,2,2,0.6582,0.72633,0.995
2026-05-29,blue_cooler,2026-05-29_blue_cooler_IMG_2768,local:data/raw/Green Crab AI 2026,IMG_2768.jpeg,Grace Welles; Gabriela Bradt,unknown,close_under_6in,shade,hand,1,partially_cut_off,none,male,unknown,,,9.266,pre_molt,high,unknown,,,View angle is provisional; repo has no side-view classifier.,new,orientation_classifier_low_confidence_or_uncertain,ViT-B/16 ImageNet features + LogisticRegression on data/sam3_orientation; side is a bbox-aspect heuristic,0.9852,user_field_note_blue_cooler_all_male; no sex classifier found in repo,not_estimated,best_vit_regressor.joblib_on_yolo_primary_crop,models/fathomnet_mvp_yolov8_1280_20240914.pt,1,1,0.5767,0.73243,0.988
2026-05-29,blue_cooler,2026-05-29_blue_cooler_IMG_2769,local:data/raw/Green Crab AI 2026,IMG_2769.jpeg,Grace Welles; Gabriela Bradt,unknown,unknown,mixed,hand,partial,unknown,slight,male,unknown,,,,unknown,low,unknown,,,No filtered YOLO crab detection; molt estimate not run. View angle is provisional; repo has no side-view classifier.,new,orientation_classifier_low_confidence_or_uncertain,ViT-B/16 ImageNet features + LogisticRegression on data/sam3_orientation; side is a bbox-aspect heuristic,0.9999,user_field_note_blue_cooler_all_male; no sex classifier found in repo,not_estimated,not_run_no_filtered_yolo_detection,models/fathomnet_mvp_yolov8_1280_20240914.pt,0,0,,,
2026-05-29,blue_cooler,2026-05-29_blue_cooler_IMG_2770,local:data/raw/Green Crab AI 2026,IMG_2770.jpeg,Grace Welles; Gabriela Bradt,unknown,unknown,shade,hand,partial,unknown,none,male,unknown,,,,unknown,low,unknown,,,No filtered YOLO crab detection; molt estimate not run. View angle is provisional; repo has no side-view classifier.,new,orientation_classifier_low_confidence_or_uncertain,ViT-B/16 ImageNet features + LogisticRegression on data/sam3_orientation; side is a bbox-aspect heuristic,0.6623,user_field_note_blue_cooler_all_male; no sex classifier found in repo,not_estimated,not_run_no_filtered_yolo_detection,models/fathomnet_mvp_yolov8_1280_20240914.pt,0,0,,,
2026-05-29,blue_cooler,2026-05-29_blue_cooler_IMG_2771,local:data/raw/Green Crab AI 2026,IMG_2771.jpeg,Grace Welles; Gabriela Bradt,unknown,unknown,shade,hand,partial,unknown,none,male,unknown,,,,unknown,low,unknown,,,No filtered YOLO crab detection; molt estimate not run. View angle is provisional; repo has no side-view classifier.,new,orientation_classifier_low_confidence_or_uncertain,ViT-B/16 ImageNet features + LogisticRegression on data/sam3_orientation; side is a bbox-aspect heuristic,0.4908,user_field_note_blue_cooler_all_male; no sex classifier found in repo,not_estimated,not_run_no_filtered_yolo_detection,models/fathomnet_mvp_yolov8_1280_20240914.pt,0,0,,,
2026-05-29,blue_cooler,2026-05-29_blue_cooler_IMG_2772,local:data/raw/Green Crab AI 2026,IMG_2772.jpeg,Grace Welles; Gabriela Bradt,unknown,unknown,shade,hand,partial,unknown,none,male,unknown,,,,unknown,low,unknown,,,No filtered YOLO crab detection; molt estimate not run. View angle is provisional; repo has no side-view classifier.,new,orientation_classifier_low_confidence_or_uncertain,ViT-B/16 ImageNet features + LogisticRegression on data/sam3_orientation; side is a bbox-aspect heuristic,0.9161,user_field_note_blue_cooler_all_male; no sex classifier found in repo,not_estimated,not_run_no_filtered_yolo_detection,models/fathomnet_mvp_yolov8_1280_20240914.pt,0,0,,,
2026-05-29,blue_cooler,2026-05-29_blue_cooler_IMG_2773,local:data/raw/Green Crab AI 2026,IMG_2773.jpeg,Grace Welles; Gabriela Bradt,unknown,unknown,shade,hand,partial,unknown,none,male,unknown,,,,unknown,low,unknown,,,No filtered YOLO crab detection; molt estimate not run. View angle is provisional; repo has no side-view classifier.,new,orientation_classifier_low_confidence_or_uncertain,ViT-B/16 ImageNet features + LogisticRegression on data/sam3_orientation; side is a bbox-aspect heuristic,0.5484,user_field_note_blue_cooler_all_male; no sex classifier found in repo,not_estimated,not_run_no_filtered_yolo_detection,models/fathomnet_mvp_yolov8_1280_20240914.pt,0,0,,,
2026-05-29,blue_cooler,2026-05-29_blue_cooler_IMG_2774,local:data/raw/Green Crab AI 2026,IMG_2774.jpeg,Grace Welles; Gabriela Bradt,unknown,close_under_6in,shade,hand,1,partially_cut_off,none,male,unknown,,,12.687,pre_molt,high,unknown,,,View angle is provisional; repo has no side-view classifier.,new,orientation_classifier_low_confidence_or_uncertain,ViT-B/16 ImageNet features + LogisticRegression on data/sam3_orientation; side is a bbox-aspect heuristic,0.7829,user_field_note_blue_cooler_all_male; no sex classifier found in repo,not_estimated,best_vit_regressor.joblib_on_yolo_primary_crop,models/fathomnet_mvp_yolov8_1280_20240914.pt,2,1,0.3143,0.71836,1.006
2026-05-29,blue_cooler,2026-05-29_blue_cooler_IMG_2775,local:data/raw/Green Crab AI 2026,IMG_2775.jpeg,Grace Welles; Gabriela Bradt,unknown,unknown,shade,hand,partial,unknown,none,male,unknown,,,,unknown,low,unknown,,,No filtered YOLO crab detection; molt estimate not run. View angle is provisional; repo has no side-view classifier.,new,orientation_classifier_low_confidence_or_uncertain,ViT-B/16 ImageNet features + LogisticRegression on data/sam3_orientation; side is a bbox-aspect heuristic,0.9548,user_field_note_blue_cooler_all_male; no sex classifier found in repo,not_estimated,not_run_no_filtered_yolo_detection,models/fathomnet_mvp_yolov8_1280_20240914.pt,0,0,,,
2026-05-29,blue_cooler,2026-05-29_blue_cooler_IMG_2776,local:data/raw/Green Crab AI 2026,IMG_2776.jpeg,Grace Welles; Gabriela Bradt,unknown,unknown,shade,hand,partial,unknown,none,male,unknown,,,,unknown,low,unknown,,,No filtered YOLO crab detection; molt estimate not run. View angle is provisional; repo has no side-view classifier.,new,orientation_classifier_low_confidence_or_uncertain,ViT-B/16 ImageNet features + LogisticRegression on data/sam3_orientation; side is a bbox-aspect heuristic,0.9968,user_field_note_blue_cooler_all_male; no sex classifier found in repo,not_estimated,not_run_no_filtered_yolo_detection,models/fathomnet_mvp_yolov8_1280_20240914.pt,0,0,,,
2026-05-29,blue_cooler,2026-05-29_blue_cooler_IMG_2777,local:data/raw/Green Crab AI 2026,IMG_2777.jpeg,Grace Welles; Gabriela Bradt,ventral,unknown,shade,hand,partial,unknown,none,male,unknown,,,,unknown,low,unknown,,,No filtered YOLO crab detection; molt estimate not run.,new,vit_logistic_regression_trained_on_data_sam3_orientation,ViT-B/16 ImageNet features + LogisticRegression on data/sam3_orientation; side is a bbox-aspect heuristic,0.5944,user_field_note_blue_cooler_all_male; no sex classifier found in repo,not_estimated,not_run_no_filtered_yolo_detection,models/fathomnet_mvp_yolov8_1280_20240914.pt,0,0,,,
2026-05-29,blue_cooler,2026-05-29_blue_cooler_IMG_2778,local:data/raw/Green Crab AI 2026,IMG_2778.jpeg,Grace Welles; Gabriela Bradt,unknown,close_under_6in,shade,hand,1,partially_cut_off,none,male,unknown,,,14.634,intermolt,high,unknown,,,View angle is provisional; repo has no side-view classifier.,new,orientation_classifier_low_confidence_or_uncertain,ViT-B/16 ImageNet features + LogisticRegression on data/sam3_orientation; side is a bbox-aspect heuristic,0.9688,user_field_note_blue_cooler_all_male; no sex classifier found in repo,not_estimated,best_vit_regressor.joblib_on_yolo_primary_crop,models/fathomnet_mvp_yolov8_1280_20240914.pt,1,1,0.3699,0.7233,1.001
2026-05-29,blue_cooler,2026-05-29_blue_cooler_IMG_2779,local:data/raw/Green Crab AI 2026,IMG_2779.jpeg,Grace Welles; Gabriela Bradt,ventral,unknown,shade,hand,partial,unknown,none,male,unknown,,,,unknown,low,unknown,,,No filtered YOLO crab detection; molt estimate not run.,new,vit_logistic_regression_trained_on_data_sam3_orientation,ViT-B/16 ImageNet features + LogisticRegression on data/sam3_orientation; side is a bbox-aspect heuristic,0.6249,user_field_note_blue_cooler_all_male; no sex classifier found in repo,not_estimated,not_run_no_filtered_yolo_detection,models/fathomnet_mvp_yolov8_1280_20240914.pt,0,0,,,
2026-05-29,blue_cooler,2026-05-29_blue_cooler_IMG_2780,local:data/raw/Green Crab AI 2026,IMG_2780.jpeg,Grace Welles; Gabriela Bradt,unknown,close_under_6in,shade,hand,1,partially_cut_off,none,male,unknown,,,12.82,pre_molt,high,unknown,,,View angle is provisional; repo has no side-view classifier.,new,orientation_classifier_low_confidence_or_uncertain,ViT-B/16 ImageNet features + LogisticRegression on data/sam3_orientation; side is a bbox-aspect heuristic,0.9909,user_field_note_blue_cooler_all_male; no sex classifier found in repo,not_estimated,best_vit_regressor.joblib_on_yolo_primary_crop,models/fathomnet_mvp_yolov8_1280_20240914.pt,1,1,0.3071,0.67129,1.055
2026-05-29,blue_cooler,2026-05-29_blue_cooler_IMG_2781,local:data/raw/Green Crab AI 2026,IMG_2781.jpeg,Grace Welles; Gabriela Bradt,unknown,close_under_6in,shade,hand,multiple,partially_cut_off,none,male,unknown,,,12.803,pre_molt,high,unknown,,,Multiple filtered crab detections; primary detection selected automatically. View angle is provisional; repo has no side-view classifier.,new,orientation_classifier_low_confidence_or_uncertain,ViT-B/16 ImageNet features + LogisticRegression on data/sam3_orientation; side is a bbox-aspect heuristic,0.8187,user_field_note_blue_cooler_all_male; no sex classifier found in repo,not_estimated,best_vit_regressor.joblib_on_yolo_primary_crop,models/fathomnet_mvp_yolov8_1280_20240914.pt,2,2,0.5984,0.72014,1.004
2026-05-29,blue_cooler,2026-05-29_blue_cooler_IMG_2782,local:data/raw/Green Crab AI 2026,IMG_2782.jpeg,Grace Welles; Gabriela Bradt,unknown,unknown,shade,hand,partial,unknown,none,male,unknown,,,,unknown,low,unknown,,,No filtered YOLO crab detection; molt estimate not run. View angle is provisional; repo has no side-view classifier.,new,orientation_classifier_low_confidence_or_uncertain,ViT-B/16 ImageNet features + LogisticRegression on data/sam3_orientation; side is a bbox-aspect heuristic,0.6695,user_field_note_blue_cooler_all_male; no sex classifier found in repo,not_estimated,not_run_no_filtered_yolo_detection,models/fathomnet_mvp_yolov8_1280_20240914.pt,0,0,,,
2026-05-29,blue_cooler,2026-05-29_blue_cooler_IMG_2783,local:data/raw/Green Crab AI 2026,IMG_2783.jpeg,Grace Welles; Gabriela Bradt,unknown,close_under_6in,shade,hand,1,partially_cut_off,none,male,unknown,,,14.991,intermolt,high,unknown,,,View angle is provisional; repo has no side-view classifier.,new,orientation_classifier_low_confidence_or_uncertain,ViT-B/16 ImageNet features + LogisticRegression on data/sam3_orientation; side is a bbox-aspect heuristic,0.796,user_field_note_blue_cooler_all_male; no sex classifier found in repo,not_estimated,best_vit_regressor.joblib_on_yolo_primary_crop,models/fathomnet_mvp_yolov8_1280_20240914.pt,1,1,0.5129,0.40577,1.772
2026-05-29,blue_cooler,2026-05-29_blue_cooler_IMG_2784,local:data/raw/Green Crab AI 2026,IMG_2784.jpeg,Grace Welles; Gabriela Bradt,unknown,close_under_6in,shade,hand,multiple,partially_cut_off,none,male,unknown,,,14.351,intermolt,high,unknown,,,Multiple filtered crab detections; primary detection selected automatically. View angle is provisional; repo has no side-view classifier.,new,orientation_classifier_low_confidence_or_uncertain,ViT-B/16 ImageNet features + LogisticRegression on data/sam3_orientation; side is a bbox-aspect heuristic,0.892,user_field_note_blue_cooler_all_male; no sex classifier found in repo,not_estimated,best_vit_regressor.joblib_on_yolo_primary_crop,models/fathomnet_mvp_yolov8_1280_20240914.pt,2,2,0.5392,0.72324,1.001
2026-05-29,blue_cooler,2026-05-29_blue_cooler_IMG_2785,local:data/raw/Green Crab AI 2026,IMG_2785.jpeg,Grace Welles; Gabriela Bradt,unknown,unknown,shade,hand,partial,unknown,none,male,unknown,,,,unknown,low,unknown,,,No filtered YOLO crab detection; molt estimate not run. View angle is provisional; repo has no side-view classifier.,new,orientation_classifier_low_confidence_or_uncertain,ViT-B/16 ImageNet features + LogisticRegression on data/sam3_orientation; side is a bbox-aspect heuristic,0.7173,user_field_note_blue_cooler_all_male; no sex classifier found in repo,not_estimated,not_run_no_filtered_yolo_detection,models/fathomnet_mvp_yolov8_1280_20240914.pt,1,0,,,
2026-05-29,blue_cooler,2026-05-29_blue_cooler_IMG_2786,local:data/raw/Green Crab AI 2026,IMG_2786.jpeg,Grace Welles; Gabriela Bradt,unknown,unknown,shade,hand,partial,unknown,none,male,unknown,,,,unknown,low,unknown,,,No filtered YOLO crab detection; molt estimate not run. View angle is provisional; repo has no side-view classifier.,new,orientation_classifier_low_confidence_or_uncertain,ViT-B/16 ImageNet features + LogisticRegression on data/sam3_orientation; side is a bbox-aspect heuristic,0.5121,user_field_note_blue_cooler_all_male; no sex classifier found in repo,not_estimated,not_run_no_filtered_yolo_detection,models/fathomnet_mvp_yolov8_1280_20240914.pt,0,0,,,
2026-05-29,blue_cooler,2026-05-29_blue_cooler_IMG_2787,local:data/raw/Green Crab AI 2026,IMG_2787.jpeg,Grace Welles; Gabriela Bradt,unknown,unknown,shade,hand,partial,unknown,none,male,unknown,,,,unknown,low,unknown,,,No filtered YOLO crab detection; molt estimate not run. View angle is provisional; repo has no side-view classifier.,new,orientation_classifier_low_confidence_or_uncertain,ViT-B/16 ImageNet features + LogisticRegression on data/sam3_orientation; side is a bbox-aspect heuristic,0.9999,user_field_note_blue_cooler_all_male; no sex classifier found in repo,not_estimated,not_run_no_filtered_yolo_detection,models/fathomnet_mvp_yolov8_1280_20240914.pt,1,0,,,
2026-05-29,blue_cooler,2026-05-29_blue_cooler_IMG_2788,local:data/raw/Green Crab AI 2026,IMG_2788.jpeg,Grace Welles; Gabriela Bradt,unknown,unknown,shade,hand,partial,unknown,none,male,unknown,,,,unknown,low,unknown,,,No filtered YOLO crab detection; molt estimate not run. View angle is provisional; repo has no side-view classifier.,new,orientation_classifier_low_confidence_or_uncertain,ViT-B/16 ImageNet features + LogisticRegression on data/sam3_orientation; side is a bbox-aspect heuristic,0.8939,user_field_note_blue_cooler_all_male; no sex classifier found in repo,not_estimated,not_run_no_filtered_yolo_detection,models/fathomnet_mvp_yolov8_1280_20240914.pt,0,0,,,
2026-05-29,blue_cooler,2026-05-29_blue_cooler_IMG_2789,local:data/raw/Green Crab AI 2026,IMG_2789.jpeg,Grace Welles; Gabriela Bradt,unknown,unknown,shade,hand,partial,unknown,none,male,unknown,,,,unknown,low,unknown,,,No filtered YOLO crab detection; molt estimate not run. View angle is provisional; repo has no side-view classifier.,new,orientation_classifier_low_confidence_or_uncertain,ViT-B/16 ImageNet features + LogisticRegression on data/sam3_orientation; side is a bbox-aspect heuristic,0.7467,user_field_note_blue_cooler_all_male; no sex classifier found in repo,not_estimated,not_run_no_filtered_yolo_detection,models/fathomnet_mvp_yolov8_1280_20240914.pt,0,0,,,
2026-05-29,blue_cooler,2026-05-29_blue_cooler_IMG_2790,local:data/raw/Green Crab AI 2026,IMG_2790.jpeg,Grace Welles; Gabriela Bradt,unknown,medium_6_12in,shade,hand,1,partially_cut_off,none,male,unknown,,,16.471,intermolt,high,unknown,,,View angle is provisional; repo has no side-view classifier.,new,orientation_classifier_low_confidence_or_uncertain,ViT-B/16 ImageNet features + LogisticRegression on data/sam3_orientation; side is a bbox-aspect heuristic,0.9787,user_field_note_blue_cooler_all_male; no sex classifier found in repo,not_estimated,best_vit_regressor.joblib_on_yolo_primary_crop,models/fathomnet_mvp_yolov8_1280_20240914.pt,1,1,0.2938,0.23641,0.666
2026-05-29,blue_cooler,2026-05-29_blue_cooler_IMG_2791,local:data/raw/Green Crab AI 2026,IMG_2791.jpeg,Grace Welles; Gabriela Bradt,unknown,unknown,shade,hand,partial,unknown,none,male,unknown,,,,unknown,low,unknown,,,No filtered YOLO crab detection; molt estimate not run. View angle is provisional; repo has no side-view classifier.,new,orientation_classifier_low_confidence_or_uncertain,ViT-B/16 ImageNet features + LogisticRegression on data/sam3_orientation; side is a bbox-aspect heuristic,0.7568,user_field_note_blue_cooler_all_male; no sex classifier found in repo,not_estimated,not_run_no_filtered_yolo_detection,models/fathomnet_mvp_yolov8_1280_20240914.pt,1,0,,,
2026-05-29,blue_cooler,2026-05-29_blue_cooler_IMG_2792,local:data/raw/Green Crab AI 2026,IMG_2792.jpeg,Grace Welles; Gabriela Bradt,unknown,unknown,shade,hand,partial,unknown,none,male,unknown,,,,unknown,low,unknown,,,No filtered YOLO crab detection; molt estimate not run. View angle is provisional; repo has no side-view classifier.,new,orientation_classifier_low_confidence_or_uncertain,ViT-B/16 ImageNet features + LogisticRegression on data/sam3_orientation; side is a bbox-aspect heuristic,0.9971,user_field_note_blue_cooler_all_male; no sex classifier found in repo,not_estimated,not_run_no_filtered_yolo_detection,models/fathomnet_mvp_yolov8_1280_20240914.pt,0,0,,,
2026-05-29,blue_cooler,2026-05-29_blue_cooler_IMG_2793,local:data/raw/Green Crab AI 2026,IMG_2793.jpeg,Grace Welles; Gabriela Bradt,ventral,close_under_6in,shade,hand,1,partially_cut_off,none,male,unknown,,,8.185,pre_molt,high,unknown,,,,new,vit_logistic_regression_trained_on_data_sam3_orientation,ViT-B/16 ImageNet features + LogisticRegression on data/sam3_orientation; side is a bbox-aspect heuristic,0.7751,user_field_note_blue_cooler_all_male; no sex classifier found in repo,not_estimated,best_vit_regressor.joblib_on_yolo_primary_crop,models/fathomnet_mvp_yolov8_1280_20240914.pt,1,1,0.3808,0.69423,1.033
2026-05-29,blue_cooler,2026-05-29_blue_cooler_IMG_2794,local:data/raw/Green Crab AI 2026,IMG_2794.jpeg,Grace Welles; Gabriela Bradt,unknown,unknown,shade,hand,partial,unknown,none,male,unknown,,,,unknown,low,unknown,,,No filtered YOLO crab detection; molt estimate not run. View angle is provisional; repo has no side-view classifier.,new,orientation_classifier_low_confidence_or_uncertain,ViT-B/16 ImageNet features + LogisticRegression on data/sam3_orientation; side is a bbox-aspect heuristic,0.5655,user_field_note_blue_cooler_all_male; no sex classifier found in repo,not_estimated,not_run_no_filtered_yolo_detection,models/fathomnet_mvp_yolov8_1280_20240914.pt,0,0,,,
2026-05-29,blue_cooler,2026-05-29_blue_cooler_IMG_2795,local:data/raw/Green Crab AI 2026,IMG_2795.jpeg,Grace Welles; Gabriela Bradt,unknown,close_under_6in,shade,hand,1,partially_cut_off,none,male,unknown,,,10.297,pre_molt,high,unknown,,,View angle is provisional; repo has no side-view classifier.,new,orientation_classifier_low_confidence_or_uncertain,ViT-B/16 ImageNet features + LogisticRegression on data/sam3_orientation; side is a bbox-aspect heuristic,0.4263,user_field_note_blue_cooler_all_male; no sex classifier found in repo,not_estimated,best_vit_regressor.joblib_on_yolo_primary_crop,models/fathomnet_mvp_yolov8_1280_20240914.pt,1,1,0.3832,0.73115,0.984
2026-05-29,blue_cooler,2026-05-29_blue_cooler_IMG_2796,local:data/raw/Green Crab AI 2026,IMG_2796.jpeg,Grace Welles; Gabriela Bradt,unknown,unknown,shade,hand,partial,unknown,none,male,unknown,,,,unknown,low,unknown,,,No filtered YOLO crab detection; molt estimate not run. View angle is provisional; repo has no side-view classifier.,new,orientation_classifier_low_confidence_or_uncertain,ViT-B/16 ImageNet features + LogisticRegression on data/sam3_orientation; side is a bbox-aspect heuristic,0.9684,user_field_note_blue_cooler_all_male; no sex classifier found in repo,not_estimated,not_run_no_filtered_yolo_detection,models/fathomnet_mvp_yolov8_1280_20240914.pt,0,0,,,
2026-05-29,blue_cooler,2026-05-29_blue_cooler_IMG_2797,local:data/raw/Green Crab AI 2026,IMG_2797.jpeg,Grace Welles; Gabriela Bradt,ventral,close_under_6in,shade,hand,1,partially_cut_off,none,male,unknown,,,11.308,pre_molt,high,unknown,,,,new,vit_logistic_regression_trained_on_data_sam3_orientation,ViT-B/16 ImageNet features + LogisticRegression on data/sam3_orientation; side is a bbox-aspect heuristic,0.7191,user_field_note_blue_cooler_all_male; no sex classifier found in repo,not_estimated,best_vit_regressor.joblib_on_yolo_primary_crop,models/fathomnet_mvp_yolov8_1280_20240914.pt,1,1,0.4541,0.72816,0.984
2026-05-29,blue_cooler,2026-05-29_blue_cooler_IMG_2798,local:data/raw/Green Crab AI 2026,IMG_2798.jpeg,Grace Welles; Gabriela Bradt,unknown,close_under_6in,shade,hand,1,partially_cut_off,none,male,unknown,,,14.709,intermolt,high,unknown,,,View angle is provisional; repo has no side-view classifier.,new,orientation_classifier_low_confidence_or_uncertain,ViT-B/16 ImageNet features + LogisticRegression on data/sam3_orientation; side is a bbox-aspect heuristic,0.9048,user_field_note_blue_cooler_all_male; no sex classifier found in repo,not_estimated,best_vit_regressor.joblib_on_yolo_primary_crop,models/fathomnet_mvp_yolov8_1280_20240914.pt,1,1,0.5882,0.73265,0.988
2026-05-29,blue_cooler,2026-05-29_blue_cooler_IMG_2799,local:data/raw/Green Crab AI 2026,IMG_2799.jpeg,Grace Welles; Gabriela Bradt,ventral,unknown,shade,hand,partial,unknown,none,male,unknown,,,,unknown,low,unknown,,,No filtered YOLO crab detection; molt estimate not run.,new,vit_logistic_regression_trained_on_data_sam3_orientation,ViT-B/16 ImageNet features + LogisticRegression on data/sam3_orientation; side is a bbox-aspect heuristic,0.9614,user_field_note_blue_cooler_all_male; no sex classifier found in repo,not_estimated,not_run_no_filtered_yolo_detection,models/fathomnet_mvp_yolov8_1280_20240914.pt,0,0,,,
2026-05-29,blue_cooler,2026-05-29_blue_cooler_IMG_2800,local:data/raw/Green Crab AI 2026,IMG_2800.jpeg,Grace Welles; Gabriela Bradt,ventral,close_under_6in,shade,hand,1,partially_cut_off,none,male,unknown,,,9.885,pre_molt,high,unknown,,,,new,vit_logistic_regression_trained_on_data_sam3_orientation,ViT-B/16 ImageNet features + LogisticRegression on data/sam3_orientation; side is a bbox-aspect heuristic,0.9412,user_field_note_blue_cooler_all_male; no sex classifier found in repo,not_estimated,best_vit_regressor.joblib_on_yolo_primary_crop,models/fathomnet_mvp_yolov8_1280_20240914.pt,2,1,0.5002,0.66501,1.077
2026-05-29,blue_cooler,2026-05-29_blue_cooler_IMG_2801,local:data/raw/Green Crab AI 2026,IMG_2801.jpeg,Grace Welles; Gabriela Bradt,unknown,unknown,shade,hand,partial,unknown,none,male,unknown,,,,unknown,low,unknown,,,No filtered YOLO crab detection; molt estimate not run. View angle is provisional; repo has no side-view classifier.,new,orientation_classifier_low_confidence_or_uncertain,ViT-B/16 ImageNet features + LogisticRegression on data/sam3_orientation; side is a bbox-aspect heuristic,0.9223,user_field_note_blue_cooler_all_male; no sex classifier found in repo,not_estimated,not_run_no_filtered_yolo_detection,models/fathomnet_mvp_yolov8_1280_20240914.pt,0,0,,,
2026-05-29,blue_cooler,2026-05-29_blue_cooler_IMG_2802,local:data/raw/Green Crab AI 2026,IMG_2802.jpeg,Grace Welles; Gabriela Bradt,ventral,unknown,shade,hand,partial,unknown,none,male,unknown,,,,unknown,low,unknown,,,No filtered YOLO crab detection; molt estimate not run.,new,vit_logistic_regression_trained_on_data_sam3_orientation,ViT-B/16 ImageNet features + LogisticRegression on data/sam3_orientation; side is a bbox-aspect heuristic,0.9984,user_field_note_blue_cooler_all_male; no sex classifier found in repo,not_estimated,not_run_no_filtered_yolo_detection,models/fathomnet_mvp_yolov8_1280_20240914.pt,0,0,,,
2026-05-29,blue_cooler,2026-05-29_blue_cooler_IMG_2804,local:data/raw/Green Crab AI 2026,IMG_2804.jpeg,Grace Welles; Gabriela Bradt,unknown,close_under_6in,shade,hand,1,partially_cut_off,none,male,unknown,,,7.158,pre_molt,high,unknown,,,View angle is provisional; repo has no side-view classifier.,new,orientation_classifier_low_confidence_or_uncertain,ViT-B/16 ImageNet features + LogisticRegression on data/sam3_orientation; side is a bbox-aspect heuristic,0.7166,user_field_note_blue_cooler_all_male; no sex classifier found in repo,not_estimated,best_vit_regressor.joblib_on_yolo_primary_crop,models/fathomnet_mvp_yolov8_1280_20240914.pt,1,1,0.5466,0.71738,1.009
2026-05-29,blue_cooler,2026-05-29_blue_cooler_IMG_2805,local:data/raw/Green Crab AI 2026,IMG_2805.jpeg,Grace Welles; Gabriela Bradt,unknown,unknown,shade,hand,partial,unknown,none,male,unknown,,,,unknown,low,unknown,,,No filtered YOLO crab detection; molt estimate not run. View angle is provisional; repo has no side-view classifier.,new,orientation_classifier_low_confidence_or_uncertain,ViT-B/16 ImageNet features + LogisticRegression on data/sam3_orientation; side is a bbox-aspect heuristic,0.9084,user_field_note_blue_cooler_all_male; no sex classifier found in repo,not_estimated,not_run_no_filtered_yolo_detection,models/fathomnet_mvp_yolov8_1280_20240914.pt,0,0,,,
2026-05-29,blue_cooler,2026-05-29_blue_cooler_IMG_2806,local:data/raw/Green Crab AI 2026,IMG_2806.jpeg,Grace Welles; Gabriela Bradt,ventral,close_under_6in,shade,hand,1,partially_cut_off,none,male,unknown,,,7.197,pre_molt,high,unknown,,,,new,vit_logistic_regression_trained_on_data_sam3_orientation,ViT-B/16 ImageNet features + LogisticRegression on data/sam3_orientation; side is a bbox-aspect heuristic,0.6211,user_field_note_blue_cooler_all_male; no sex classifier found in repo,not_estimated,best_vit_regressor.joblib_on_yolo_primary_crop,models/fathomnet_mvp_yolov8_1280_20240914.pt,1,1,0.7491,0.71574,1.002
2026-05-29,blue_cooler,2026-05-29_blue_cooler_IMG_2807,local:data/raw/Green Crab AI 2026,IMG_2807.jpeg,Grace Welles; Gabriela Bradt,unknown,close_under_6in,shade,hand,1,partially_cut_off,none,male,unknown,,,20.237,intermolt,medium,unknown,,,View angle is provisional; repo has no side-view classifier.,new,orientation_classifier_low_confidence_or_uncertain,ViT-B/16 ImageNet features + LogisticRegression on data/sam3_orientation; side is a bbox-aspect heuristic,0.9002,user_field_note_blue_cooler_all_male; no sex classifier found in repo,not_estimated,best_vit_regressor.joblib_on_yolo_primary_crop,models/fathomnet_mvp_yolov8_1280_20240914.pt,1,1,0.4532,0.72851,0.985
2026-05-29,blue_cooler,2026-05-29_blue_cooler_IMG_2808,local:data/raw/Green Crab AI 2026,IMG_2808.jpeg,Grace Welles; Gabriela Bradt,unknown,close_under_6in,shade,hand,1,partially_cut_off,none,male,unknown,,,16.218,intermolt,high,unknown,,,View angle is provisional; repo has no side-view classifier.,new,orientation_classifier_low_confidence_or_uncertain,ViT-B/16 ImageNet features + LogisticRegression on data/sam3_orientation; side is a bbox-aspect heuristic,0.9971,user_field_note_blue_cooler_all_male; no sex classifier found in repo,not_estimated,best_vit_regressor.joblib_on_yolo_primary_crop,models/fathomnet_mvp_yolov8_1280_20240914.pt,1,1,0.5383,0.73408,0.986
2026-05-29,blue_cooler,2026-05-29_blue_cooler_IMG_2809,local:data/raw/Green Crab AI 2026,IMG_2809.jpeg,Grace Welles; Gabriela Bradt,unknown,unknown,shade,hand,partial,unknown,none,male,unknown,,,,unknown,low,unknown,,,No filtered YOLO crab detection; molt estimate not run. View angle is provisional; repo has no side-view classifier.,new,orientation_classifier_low_confidence_or_uncertain,ViT-B/16 ImageNet features + LogisticRegression on data/sam3_orientation; side is a bbox-aspect heuristic,0.8468,user_field_note_blue_cooler_all_male; no sex classifier found in repo,not_estimated,not_run_no_filtered_yolo_detection,models/fathomnet_mvp_yolov8_1280_20240914.pt,0,0,,,
2026-05-29,blue_cooler,2026-05-29_blue_cooler_IMG_2810,local:data/raw/Green Crab AI 2026,IMG_2810.jpeg,Grace Welles; Gabriela Bradt,unknown,unknown,shade,hand,partial,unknown,none,male,unknown,,,,unknown,low,unknown,,,No filtered YOLO crab detection; molt estimate not run. View angle is provisional; repo has no side-view classifier.,new,orientation_classifier_low_confidence_or_uncertain,ViT-B/16 ImageNet features + LogisticRegression on data/sam3_orientation; side is a bbox-aspect heuristic,0.7917,user_field_note_blue_cooler_all_male; no sex classifier found in repo,not_estimated,not_run_no_filtered_yolo_detection,models/fathomnet_mvp_yolov8_1280_20240914.pt,0,0,,,
2026-05-29,blue_cooler,2026-05-29_blue_cooler_IMG_2811,local:data/raw/Green Crab AI 2026,IMG_2811.jpeg,Grace Welles; Gabriela Bradt,ventral,unknown,shade,hand,partial,unknown,none,male,unknown,,,,unknown,low,unknown,,,No filtered YOLO crab detection; molt estimate not run.,new,vit_logistic_regression_trained_on_data_sam3_orientation,ViT-B/16 ImageNet features + LogisticRegression on data/sam3_orientation; side is a bbox-aspect heuristic,0.5799,user_field_note_blue_cooler_all_male; no sex classifier found in repo,not_estimated,not_run_no_filtered_yolo_detection,models/fathomnet_mvp_yolov8_1280_20240914.pt,0,0,,,
2026-05-29,blue_cooler,2026-05-29_blue_cooler_IMG_2812,local:data/raw/Green Crab AI 2026,IMG_2812.jpeg,Grace Welles; Gabriela Bradt,unknown,unknown,shade,hand,partial,unknown,slight,male,unknown,,,,unknown,low,unknown,,,No filtered YOLO crab detection; molt estimate not run. View angle is provisional; repo has no side-view classifier.,new,orientation_classifier_low_confidence_or_uncertain,ViT-B/16 ImageNet features + LogisticRegression on data/sam3_orientation; side is a bbox-aspect heuristic,0.9999,user_field_note_blue_cooler_all_male; no sex classifier found in repo,not_estimated,not_run_no_filtered_yolo_detection,models/fathomnet_mvp_yolov8_1280_20240914.pt,0,0,,,
2026-05-29,blue_cooler,2026-05-29_blue_cooler_IMG_2813,local:data/raw/Green Crab AI 2026,IMG_2813.jpeg,Grace Welles; Gabriela Bradt,unknown,medium_6_12in,shade,hand,1,centered,none,male,unknown,,,12.372,pre_molt,high,unknown,,,View angle is provisional; repo has no side-view classifier.,new,orientation_classifier_low_confidence_or_uncertain,ViT-B/16 ImageNet features + LogisticRegression on data/sam3_orientation; side is a bbox-aspect heuristic,0.8981,user_field_note_blue_cooler_all_male; no sex classifier found in repo,not_estimated,best_vit_regressor.joblib_on_yolo_primary_crop,models/fathomnet_mvp_yolov8_1280_20240914.pt,1,1,0.2693,0.15582,0.951
2026-05-29,blue_cooler,2026-05-29_blue_cooler_IMG_2814,local:data/raw/Green Crab AI 2026,IMG_2814.jpeg,Grace Welles; Gabriela Bradt,ventral,unknown,shade,hand,partial,unknown,none,male,unknown,,,,unknown,low,unknown,,,No filtered YOLO crab detection; molt estimate not run.,new,vit_logistic_regression_trained_on_data_sam3_orientation,ViT-B/16 ImageNet features + LogisticRegression on data/sam3_orientation; side is a bbox-aspect heuristic,0.9997,user_field_note_blue_cooler_all_male; no sex classifier found in repo,not_estimated,not_run_no_filtered_yolo_detection,models/fathomnet_mvp_yolov8_1280_20240914.pt,1,0,,,
2026-05-29,blue_cooler,2026-05-29_blue_cooler_IMG_2815,local:data/raw/Green Crab AI 2026,IMG_2815.jpeg,Grace Welles; Gabriela Bradt,unknown,unknown,shade,hand,partial,unknown,none,male,unknown,,,,unknown,low,unknown,,,No filtered YOLO crab detection; molt estimate not run. View angle is provisional; repo has no side-view classifier.,new,orientation_classifier_low_confidence_or_uncertain,ViT-B/16 ImageNet features + LogisticRegression on data/sam3_orientation; side is a bbox-aspect heuristic,0.9986,user_field_note_blue_cooler_all_male; no sex classifier found in repo,not_estimated,not_run_no_filtered_yolo_detection,models/fathomnet_mvp_yolov8_1280_20240914.pt,1,0,,,
2026-05-29,blue_cooler,2026-05-29_blue_cooler_IMG_2816,local:data/raw/Green Crab AI 2026,IMG_2816.jpeg,Grace Welles; Gabriela Bradt,unknown,unknown,shade,hand,partial,unknown,none,male,unknown,,,,unknown,low,unknown,,,No filtered YOLO crab detection; molt estimate not run. View angle is provisional; repo has no side-view classifier.,new,orientation_classifier_low_confidence_or_uncertain,ViT-B/16 ImageNet features + LogisticRegression on data/sam3_orientation; side is a bbox-aspect heuristic,0.9896,user_field_note_blue_cooler_all_male; no sex classifier found in repo,not_estimated,not_run_no_filtered_yolo_detection,models/fathomnet_mvp_yolov8_1280_20240914.pt,0,0,,,
2026-05-29,blue_cooler,2026-05-29_blue_cooler_IMG_2817,local:data/raw/Green Crab AI 2026,IMG_2817.jpeg,Grace Welles; Gabriela Bradt,unknown,unknown,shade,hand,partial,unknown,none,male,unknown,,,,unknown,low,unknown,,,No filtered YOLO crab detection; molt estimate not run. View angle is provisional; repo has no side-view classifier.,new,orientation_classifier_low_confidence_or_uncertain,ViT-B/16 ImageNet features + LogisticRegression on data/sam3_orientation; side is a bbox-aspect heuristic,0.8708,user_field_note_blue_cooler_all_male; no sex classifier found in repo,not_estimated,not_run_no_filtered_yolo_detection,models/fathomnet_mvp_yolov8_1280_20240914.pt,0,0,,,
2026-05-29,blue_cooler,2026-05-29_blue_cooler_IMG_2818,local:data/raw/Green Crab AI 2026,IMG_2818.jpeg,Grace Welles; Gabriela Bradt,unknown,close_under_6in,shade,hand,multiple,partially_cut_off,none,male,unknown,,,9.569,pre_molt,high,unknown,,,Multiple filtered crab detections; primary detection selected automatically. View angle is provisional; repo has no side-view classifier.,new,orientation_classifier_low_confidence_or_uncertain,ViT-B/16 ImageNet features + LogisticRegression on data/sam3_orientation; side is a bbox-aspect heuristic,0.9615,user_field_note_blue_cooler_all_male; no sex classifier found in repo,not_estimated,best_vit_regressor.joblib_on_yolo_primary_crop,models/fathomnet_mvp_yolov8_1280_20240914.pt,2,2,0.4131,0.73346,0.987
2026-05-29,blue_cooler,2026-05-29_blue_cooler_IMG_2819,local:data/raw/Green Crab AI 2026,IMG_2819.jpeg,Grace Welles; Gabriela Bradt,unknown,unknown,shade,hand,partial,unknown,none,male,unknown,,,,unknown,low,unknown,,,No filtered YOLO crab detection; molt estimate not run. View angle is provisional; repo has no side-view classifier.,new,orientation_classifier_low_confidence_or_uncertain,ViT-B/16 ImageNet features + LogisticRegression on data/sam3_orientation; side is a bbox-aspect heuristic,0.7564,user_field_note_blue_cooler_all_male; no sex classifier found in repo,not_estimated,not_run_no_filtered_yolo_detection,models/fathomnet_mvp_yolov8_1280_20240914.pt,0,0,,,
2026-05-29,blue_cooler,2026-05-29_blue_cooler_IMG_2820,local:data/raw/Green Crab AI 2026,IMG_2820.jpeg,Grace Welles; Gabriela Bradt,unknown,close_under_6in,shade,hand,1,partially_cut_off,none,male,unknown,,,16.698,intermolt,high,unknown,,,View angle is provisional; repo has no side-view classifier.,new,orientation_classifier_low_confidence_or_uncertain,ViT-B/16 ImageNet features + LogisticRegression on data/sam3_orientation; side is a bbox-aspect heuristic,0.9334,user_field_note_blue_cooler_all_male; no sex classifier found in repo,not_estimated,best_vit_regressor.joblib_on_yolo_primary_crop,models/fathomnet_mvp_yolov8_1280_20240914.pt,1,1,0.3512,0.67843,1.065
2026-05-29,blue_cooler,2026-05-29_blue_cooler_IMG_2821,local:data/raw/Green Crab AI 2026,IMG_2821.jpeg,Grace Welles; Gabriela Bradt,unknown,close_under_6in,shade,hand,1,partially_cut_off,none,male,unknown,,,14.135,intermolt,high,unknown,,,View angle is provisional; repo has no side-view classifier.,new,orientation_classifier_low_confidence_or_uncertain,ViT-B/16 ImageNet features + LogisticRegression on data/sam3_orientation; side is a bbox-aspect heuristic,0.9999,user_field_note_blue_cooler_all_male; no sex classifier found in repo,not_estimated,best_vit_regressor.joblib_on_yolo_primary_crop,models/fathomnet_mvp_yolov8_1280_20240914.pt,1,1,0.5735,0.7332,0.985
2026-05-29,blue_cooler,2026-05-29_blue_cooler_IMG_2822,local:data/raw/Green Crab AI 2026,IMG_2822.jpeg,Grace Welles; Gabriela Bradt,unknown,unknown,shade,hand,partial,unknown,none,male,unknown,,,,unknown,low,unknown,,,No filtered YOLO crab detection; molt estimate not run. View angle is provisional; repo has no side-view classifier.,new,orientation_classifier_low_confidence_or_uncertain,ViT-B/16 ImageNet features + LogisticRegression on data/sam3_orientation; side is a bbox-aspect heuristic,0.933,user_field_note_blue_cooler_all_male; no sex classifier found in repo,not_estimated,not_run_no_filtered_yolo_detection,models/fathomnet_mvp_yolov8_1280_20240914.pt,0,0,,,
2026-05-29,blue_cooler,2026-05-29_blue_cooler_IMG_2823,local:data/raw/Green Crab AI 2026,IMG_2823.jpeg,Grace Welles; Gabriela Bradt,unknown,close_under_6in,shade,hand,1,partially_cut_off,none,male,unknown,,,16.48,intermolt,high,unknown,,,View angle is provisional; repo has no side-view classifier.,new,orientation_classifier_low_confidence_or_uncertain,ViT-B/16 ImageNet features + LogisticRegression on data/sam3_orientation; side is a bbox-aspect heuristic,0.988,user_field_note_blue_cooler_all_male; no sex classifier found in repo,not_estimated,best_vit_regressor.joblib_on_yolo_primary_crop,models/fathomnet_mvp_yolov8_1280_20240914.pt,1,1,0.5468,0.72135,1.003
2026-05-29,blue_cooler,2026-05-29_blue_cooler_IMG_2824,local:data/raw/Green Crab AI 2026,IMG_2824.jpeg,Grace Welles; Gabriela Bradt,unknown,close_under_6in,shade,hand,1,partially_cut_off,none,male,unknown,,,12.998,pre_molt,high,unknown,,,View angle is provisional; repo has no side-view classifier.,new,orientation_classifier_low_confidence_or_uncertain,ViT-B/16 ImageNet features + LogisticRegression on data/sam3_orientation; side is a bbox-aspect heuristic,0.997,user_field_note_blue_cooler_all_male; no sex classifier found in repo,not_estimated,best_vit_regressor.joblib_on_yolo_primary_crop,models/fathomnet_mvp_yolov8_1280_20240914.pt,1,1,0.5259,0.73301,0.987
2026-05-29,blue_cooler,2026-05-29_blue_cooler_IMG_2825,local:data/raw/Green Crab AI 2026,IMG_2825.jpeg,Grace Welles; Gabriela Bradt,unknown,unknown,shade,hand,partial,unknown,none,male,unknown,,,,unknown,low,unknown,,,No filtered YOLO crab detection; molt estimate not run. View angle is provisional; repo has no side-view classifier.,new,orientation_classifier_low_confidence_or_uncertain,ViT-B/16 ImageNet features + LogisticRegression on data/sam3_orientation; side is a bbox-aspect heuristic,0.9918,user_field_note_blue_cooler_all_male; no sex classifier found in repo,not_estimated,not_run_no_filtered_yolo_detection,models/fathomnet_mvp_yolov8_1280_20240914.pt,1,0,,,
2026-05-29,blue_cooler,2026-05-29_blue_cooler_IMG_2826,local:data/raw/Green Crab AI 2026,IMG_2826.jpeg,Grace Welles; Gabriela Bradt,ventral,unknown,shade,hand,partial,unknown,none,male,unknown,,,,unknown,low,unknown,,,No filtered YOLO crab detection; molt estimate not run.,new,vit_logistic_regression_trained_on_data_sam3_orientation,ViT-B/16 ImageNet features + LogisticRegression on data/sam3_orientation; side is a bbox-aspect heuristic,0.9888,user_field_note_blue_cooler_all_male; no sex classifier found in repo,not_estimated,not_run_no_filtered_yolo_detection,models/fathomnet_mvp_yolov8_1280_20240914.pt,1,0,,,
2026-05-29,blue_cooler,2026-05-29_blue_cooler_IMG_2827,local:data/raw/Green Crab AI 2026,IMG_2827.jpeg,Grace Welles; Gabriela Bradt,unknown,unknown,shade,hand,partial,unknown,none,male,unknown,,,,unknown,low,unknown,,,No filtered YOLO crab detection; molt estimate not run. View angle is provisional; repo has no side-view classifier.,new,orientation_classifier_low_confidence_or_uncertain,ViT-B/16 ImageNet features + LogisticRegression on data/sam3_orientation; side is a bbox-aspect heuristic,0.9399,user_field_note_blue_cooler_all_male; no sex classifier found in repo,not_estimated,not_run_no_filtered_yolo_detection,models/fathomnet_mvp_yolov8_1280_20240914.pt,0,0,,,
2026-05-29,blue_cooler,2026-05-29_blue_cooler_IMG_2828,local:data/raw/Green Crab AI 2026,IMG_2828.jpeg,Grace Welles; Gabriela Bradt,unknown,unknown,shade,hand,partial,unknown,slight,male,unknown,,,,unknown,low,unknown,,,No filtered YOLO crab detection; molt estimate not run. View angle is provisional; repo has no side-view classifier.,new,orientation_classifier_low_confidence_or_uncertain,ViT-B/16 ImageNet features + LogisticRegression on data/sam3_orientation; side is a bbox-aspect heuristic,0.9999,user_field_note_blue_cooler_all_male; no sex classifier found in repo,not_estimated,not_run_no_filtered_yolo_detection,models/fathomnet_mvp_yolov8_1280_20240914.pt,0,0,,,
2026-05-29,blue_cooler,2026-05-29_blue_cooler_IMG_2829,local:data/raw/Green Crab AI 2026,IMG_2829.jpeg,Grace Welles; Gabriela Bradt,unknown,close_under_6in,shade,hand,1,partially_cut_off,none,male,unknown,,,12.206,pre_molt,high,unknown,,,View angle is provisional; repo has no side-view classifier.,new,orientation_classifier_low_confidence_or_uncertain,ViT-B/16 ImageNet features + LogisticRegression on data/sam3_orientation; side is a bbox-aspect heuristic,0.9798,user_field_note_blue_cooler_all_male; no sex classifier found in repo,not_estimated,best_vit_regressor.joblib_on_yolo_primary_crop,models/fathomnet_mvp_yolov8_1280_20240914.pt,1,1,0.4737,0.72873,0.992
2026-05-29,blue_cooler,2026-05-29_blue_cooler_IMG_2830,local:data/raw/Green Crab AI 2026,IMG_2830.jpeg,Grace Welles; Gabriela Bradt,unknown,unknown,shade,hand,partial,unknown,none,male,unknown,,,,unknown,low,unknown,,,No filtered YOLO crab detection; molt estimate not run. View angle is provisional; repo has no side-view classifier.,new,orientation_classifier_low_confidence_or_uncertain,ViT-B/16 ImageNet features + LogisticRegression on data/sam3_orientation; side is a bbox-aspect heuristic,0.9082,user_field_note_blue_cooler_all_male; no sex classifier found in repo,not_estimated,not_run_no_filtered_yolo_detection,models/fathomnet_mvp_yolov8_1280_20240914.pt,0,0,,,
2026-05-29,blue_cooler,2026-05-29_blue_cooler_IMG_2831,local:data/raw/Green Crab AI 2026,IMG_2831.jpeg,Grace Welles; Gabriela Bradt,unknown,close_under_6in,shade,hand,1,partially_cut_off,none,male,unknown,,,11.686,pre_molt,high,unknown,,,View angle is provisional; repo has no side-view classifier.,new,orientation_classifier_low_confidence_or_uncertain,ViT-B/16 ImageNet features + LogisticRegression on data/sam3_orientation; side is a bbox-aspect heuristic,0.9999,user_field_note_blue_cooler_all_male; no sex classifier found in repo,not_estimated,best_vit_regressor.joblib_on_yolo_primary_crop,models/fathomnet_mvp_yolov8_1280_20240914.pt,1,1,0.4746,0.73362,0.986
2026-05-29,blue_cooler,2026-05-29_blue_cooler_IMG_2832,local:data/raw/Green Crab AI 2026,IMG_2832.jpeg,Grace Welles; Gabriela Bradt,unknown,unknown,shade,hand,partial,unknown,none,male,unknown,,,,unknown,low,unknown,,,No filtered YOLO crab detection; molt estimate not run. View angle is provisional; repo has no side-view classifier.,new,orientation_classifier_low_confidence_or_uncertain,ViT-B/16 ImageNet features + LogisticRegression on data/sam3_orientation; side is a bbox-aspect heuristic,0.8912,user_field_note_blue_cooler_all_male; no sex classifier found in repo,not_estimated,not_run_no_filtered_yolo_detection,models/fathomnet_mvp_yolov8_1280_20240914.pt,0,0,,,
2026-05-29,blue_cooler,2026-05-29_blue_cooler_IMG_2833,local:data/raw/Green Crab AI 2026,IMG_2833.jpeg,Grace Welles; Gabriela Bradt,unknown,close_under_6in,shade,hand,multiple,centered,none,male,unknown,,,11.886,pre_molt,high,unknown,,,Multiple filtered crab detections; primary detection selected automatically. View angle is provisional; repo has no side-view classifier.,new,orientation_classifier_low_confidence_or_uncertain,ViT-B/16 ImageNet features + LogisticRegression on data/sam3_orientation; side is a bbox-aspect heuristic,0.9752,user_field_note_blue_cooler_all_male; no sex classifier found in repo,not_estimated,best_vit_regressor.joblib_on_yolo_primary_crop,models/fathomnet_mvp_yolov8_1280_20240914.pt,2,2,0.4512,0.48978,0.711
2026-05-29,blue_cooler,2026-05-29_blue_cooler_IMG_2834,local:data/raw/Green Crab AI 2026,IMG_2834.jpeg,Grace Welles; Gabriela Bradt,unknown,unknown,shade,hand,partial,unknown,none,male,unknown,,,,unknown,low,unknown,,,No filtered YOLO crab detection; molt estimate not run. View angle is provisional; repo has no side-view classifier.,new,orientation_classifier_low_confidence_or_uncertain,ViT-B/16 ImageNet features + LogisticRegression on data/sam3_orientation; side is a bbox-aspect heuristic,0.9773,user_field_note_blue_cooler_all_male; no sex classifier found in repo,not_estimated,not_run_no_filtered_yolo_detection,models/fathomnet_mvp_yolov8_1280_20240914.pt,0,0,,,
2026-05-29,blue_cooler,2026-05-29_blue_cooler_IMG_2835,local:data/raw/Green Crab AI 2026,IMG_2835.jpeg,Grace Welles; Gabriela Bradt,unknown,unknown,shade,hand,partial,unknown,none,male,unknown,,,,unknown,low,unknown,,,No filtered YOLO crab detection; molt estimate not run. View angle is provisional; repo has no side-view classifier.,new,orientation_classifier_low_confidence_or_uncertain,ViT-B/16 ImageNet features + LogisticRegression on data/sam3_orientation; side is a bbox-aspect heuristic,0.9694,user_field_note_blue_cooler_all_male; no sex classifier found in repo,not_estimated,not_run_no_filtered_yolo_detection,models/fathomnet_mvp_yolov8_1280_20240914.pt,1,0,,,
2026-05-29,blue_cooler,2026-05-29_blue_cooler_IMG_2836,local:data/raw/Green Crab AI 2026,IMG_2836.jpeg,Grace Welles; Gabriela Bradt,unknown,unknown,shade,hand,partial,unknown,none,male,unknown,,,,unknown,low,unknown,,,No filtered YOLO crab detection; molt estimate not run. View angle is provisional; repo has no side-view classifier.,new,orientation_classifier_low_confidence_or_uncertain,ViT-B/16 ImageNet features + LogisticRegression on data/sam3_orientation; side is a bbox-aspect heuristic,0.5815,user_field_note_blue_cooler_all_male; no sex classifier found in repo,not_estimated,not_run_no_filtered_yolo_detection,models/fathomnet_mvp_yolov8_1280_20240914.pt,0,0,,,
2026-05-29,blue_cooler,2026-05-29_blue_cooler_IMG_2837,local:data/raw/Green Crab AI 2026,IMG_2837.jpeg,Grace Welles; Gabriela Bradt,unknown,unknown,shade,hand,partial,unknown,none,male,unknown,,,,unknown,low,unknown,,,No filtered YOLO crab detection; molt estimate not run. View angle is provisional; repo has no side-view classifier.,new,orientation_classifier_low_confidence_or_uncertain,ViT-B/16 ImageNet features + LogisticRegression on data/sam3_orientation; side is a bbox-aspect heuristic,0.9998,user_field_note_blue_cooler_all_male; no sex classifier found in repo,not_estimated,not_run_no_filtered_yolo_detection,models/fathomnet_mvp_yolov8_1280_20240914.pt,0,0,,,
2026-05-29,blue_cooler,2026-05-29_blue_cooler_IMG_2838,local:data/raw/Green Crab AI 2026,IMG_2838.jpeg,Grace Welles; Gabriela Bradt,unknown,unknown,shade,hand,partial,unknown,none,male,unknown,,,,unknown,low,unknown,,,No filtered YOLO crab detection; molt estimate not run. View angle is provisional; repo has no side-view classifier.,new,orientation_classifier_low_confidence_or_uncertain,ViT-B/16 ImageNet features + LogisticRegression on data/sam3_orientation; side is a bbox-aspect heuristic,0.9933,user_field_note_blue_cooler_all_male; no sex classifier found in repo,not_estimated,not_run_no_filtered_yolo_detection,models/fathomnet_mvp_yolov8_1280_20240914.pt,0,0,,,
2026-05-29,blue_cooler,2026-05-29_blue_cooler_IMG_2839,local:data/raw/Green Crab AI 2026,IMG_2839.jpeg,Grace Welles; Gabriela Bradt,unknown,close_under_6in,shade,hand,multiple,partially_cut_off,none,male,unknown,,,3.067,pre_molt,high,unknown,,,Multiple filtered crab detections; primary detection selected automatically. View angle is provisional; repo has no side-view classifier.,new,orientation_classifier_low_confidence_or_uncertain,ViT-B/16 ImageNet features + LogisticRegression on data/sam3_orientation; side is a bbox-aspect heuristic,0.8689,user_field_note_blue_cooler_all_male; no sex classifier found in repo,not_estimated,best_vit_regressor.joblib_on_yolo_primary_crop,models/fathomnet_mvp_yolov8_1280_20240914.pt,2,2,0.3415,0.67997,0.993
2026-05-29,blue_cooler,2026-05-29_blue_cooler_IMG_2840,local:data/raw/Green Crab AI 2026,IMG_2840.jpeg,Grace Welles; Gabriela Bradt,unknown,unknown,shade,hand,partial,unknown,none,male,unknown,,,,unknown,low,unknown,,,No filtered YOLO crab detection; molt estimate not run. View angle is provisional; repo has no side-view classifier.,new,orientation_classifier_low_confidence_or_uncertain,ViT-B/16 ImageNet features + LogisticRegression on data/sam3_orientation; side is a bbox-aspect heuristic,0.9984,user_field_note_blue_cooler_all_male; no sex classifier found in repo,not_estimated,not_run_no_filtered_yolo_detection,models/fathomnet_mvp_yolov8_1280_20240914.pt,0,0,,,
2026-05-29,blue_cooler,2026-05-29_blue_cooler_IMG_2841,local:data/raw/Green Crab AI 2026,IMG_2841.jpeg,Grace Welles; Gabriela Bradt,ventral,unknown,shade,hand,partial,unknown,none,male,unknown,,,,unknown,low,unknown,,,No filtered YOLO crab detection; molt estimate not run.,new,vit_logistic_regression_trained_on_data_sam3_orientation,ViT-B/16 ImageNet features + LogisticRegression on data/sam3_orientation; side is a bbox-aspect heuristic,0.9007,user_field_note_blue_cooler_all_male; no sex classifier found in repo,not_estimated,not_run_no_filtered_yolo_detection,models/fathomnet_mvp_yolov8_1280_20240914.pt,2,0,,,
2026-05-29,blue_cooler,2026-05-29_blue_cooler_IMG_2842,local:data/raw/Green Crab AI 2026,IMG_2842.jpeg,Grace Welles; Gabriela Bradt,unknown,unknown,shade,hand,partial,unknown,none,male,unknown,,,,unknown,low,unknown,,,No filtered YOLO crab detection; molt estimate not run. View angle is provisional; repo has no side-view classifier.,new,orientation_classifier_low_confidence_or_uncertain,ViT-B/16 ImageNet features + LogisticRegression on data/sam3_orientation; side is a bbox-aspect heuristic,0.5722,user_field_note_blue_cooler_all_male; no sex classifier found in repo,not_estimated,not_run_no_filtered_yolo_detection,models/fathomnet_mvp_yolov8_1280_20240914.pt,1,0,,,
2026-05-29,blue_cooler,2026-05-29_blue_cooler_IMG_2843,local:data/raw/Green Crab AI 2026,IMG_2843.jpeg,Grace Welles; Gabriela Bradt,unknown,close_under_6in,shade,hand,multiple,partially_cut_off,none,male,unknown,,,13.991,pre_molt,high,unknown,,,Multiple filtered crab detections; primary detection selected automatically. View angle is provisional; repo has no side-view classifier.,new,orientation_classifier_low_confidence_or_uncertain,ViT-B/16 ImageNet features + LogisticRegression on data/sam3_orientation; side is a bbox-aspect heuristic,0.9807,user_field_note_blue_cooler_all_male; no sex classifier found in repo,not_estimated,best_vit_regressor.joblib_on_yolo_primary_crop,models/fathomnet_mvp_yolov8_1280_20240914.pt,2,2,0.4696,0.73285,0.987
2026-05-29,blue_cooler,2026-05-29_blue_cooler_IMG_2844,local:data/raw/Green Crab AI 2026,IMG_2844.jpeg,Grace Welles; Gabriela Bradt,unknown,unknown,mixed,hand,partial,unknown,none,male,unknown,,,,unknown,low,unknown,,,No filtered YOLO crab detection; molt estimate not run. View angle is provisional; repo has no side-view classifier.,new,orientation_classifier_low_confidence_or_uncertain,ViT-B/16 ImageNet features + LogisticRegression on data/sam3_orientation; side is a bbox-aspect heuristic,0.5315,user_field_note_blue_cooler_all_male; no sex classifier found in repo,not_estimated,not_run_no_filtered_yolo_detection,models/fathomnet_mvp_yolov8_1280_20240914.pt,0,0,,,
2026-05-29,blue_cooler,2026-05-29_blue_cooler_IMG_2845,local:data/raw/Green Crab AI 2026,IMG_2845.jpeg,Grace Welles; Gabriela Bradt,ventral,close_under_6in,shade,hand,1,partially_cut_off,none,male,unknown,,,9.22,pre_molt,high,unknown,,,,new,vit_logistic_regression_trained_on_data_sam3_orientation,ViT-B/16 ImageNet features + LogisticRegression on data/sam3_orientation; side is a bbox-aspect heuristic,0.9851,user_field_note_blue_cooler_all_male; no sex classifier found in repo,not_estimated,best_vit_regressor.joblib_on_yolo_primary_crop,models/fathomnet_mvp_yolov8_1280_20240914.pt,1,1,0.2652,0.50947,0.994
2026-05-29,blue_cooler,2026-05-29_blue_cooler_IMG_2846,local:data/raw/Green Crab AI 2026,IMG_2846.jpeg,Grace Welles; Gabriela Bradt,ventral,unknown,shade,hand,partial,unknown,none,male,unknown,,,,unknown,low,unknown,,,No filtered YOLO crab detection; molt estimate not run.,new,vit_logistic_regression_trained_on_data_sam3_orientation,ViT-B/16 ImageNet features + LogisticRegression on data/sam3_orientation; side is a bbox-aspect heuristic,0.8865,user_field_note_blue_cooler_all_male; no sex classifier found in repo,not_estimated,not_run_no_filtered_yolo_detection,models/fathomnet_mvp_yolov8_1280_20240914.pt,0,0,,,
2026-05-29,blue_cooler,2026-05-29_blue_cooler_IMG_2847,local:data/raw/Green Crab AI 2026,IMG_2847.jpeg,Grace Welles; Gabriela Bradt,unknown,unknown,shade,hand,partial,unknown,slight,male,unknown,,,,unknown,low,unknown,,,No filtered YOLO crab detection; molt estimate not run. View angle is provisional; repo has no side-view classifier.,new,orientation_classifier_low_confidence_or_uncertain,ViT-B/16 ImageNet features + LogisticRegression on data/sam3_orientation; side is a bbox-aspect heuristic,0.9999,user_field_note_blue_cooler_all_male; no sex classifier found in repo,not_estimated,not_run_no_filtered_yolo_detection,models/fathomnet_mvp_yolov8_1280_20240914.pt,1,0,,,
2026-05-29,blue_cooler,2026-05-29_blue_cooler_IMG_2848,local:data/raw/Green Crab AI 2026,IMG_2848.jpeg,Grace Welles; Gabriela Bradt,unknown,unknown,shade,hand,partial,unknown,none,male,unknown,,,,unknown,low,unknown,,,No filtered YOLO crab detection; molt estimate not run. View angle is provisional; repo has no side-view classifier.,new,orientation_classifier_low_confidence_or_uncertain,ViT-B/16 ImageNet features + LogisticRegression on data/sam3_orientation; side is a bbox-aspect heuristic,0.9905,user_field_note_blue_cooler_all_male; no sex classifier found in repo,not_estimated,not_run_no_filtered_yolo_detection,models/fathomnet_mvp_yolov8_1280_20240914.pt,0,0,,,
2026-05-29,blue_cooler,2026-05-29_blue_cooler_IMG_2850,local:data/raw/Green Crab AI 2026,IMG_2850.jpeg,Grace Welles; Gabriela Bradt,unknown,unknown,shade,hand,partial,unknown,none,male,unknown,,,,unknown,low,unknown,,,No filtered YOLO crab detection; molt estimate not run. View angle is provisional; repo has no side-view classifier.,new,orientation_classifier_low_confidence_or_uncertain,ViT-B/16 ImageNet features + LogisticRegression on data/sam3_orientation; side is a bbox-aspect heuristic,0.8059,user_field_note_blue_cooler_all_male; no sex classifier found in repo,not_estimated,not_run_no_filtered_yolo_detection,models/fathomnet_mvp_yolov8_1280_20240914.pt,1,0,,,
2026-05-29,blue_cooler,2026-05-29_blue_cooler_IMG_2851,local:data/raw/Green Crab AI 2026,IMG_2851.jpeg,Grace Welles; Gabriela Bradt,unknown,unknown,shade,hand,partial,unknown,none,male,unknown,,,,unknown,low,unknown,,,No filtered YOLO crab detection; molt estimate not run. View angle is provisional; repo has no side-view classifier.,new,orientation_classifier_low_confidence_or_uncertain,ViT-B/16 ImageNet features + LogisticRegression on data/sam3_orientation; side is a bbox-aspect heuristic,0.5989,user_field_note_blue_cooler_all_male; no sex classifier found in repo,not_estimated,not_run_no_filtered_yolo_detection,models/fathomnet_mvp_yolov8_1280_20240914.pt,0,0,,,
2026-05-29,blue_cooler,2026-05-29_blue_cooler_IMG_2852,local:data/raw/Green Crab AI 2026,IMG_2852.jpeg,Grace Welles; Gabriela Bradt,unknown,close_under_6in,shade,hand,1,partially_cut_off,none,male,unknown,,,18.803,intermolt,high,unknown,,,View angle is provisional; repo has no side-view classifier.,new,orientation_classifier_low_confidence_or_uncertain,ViT-B/16 ImageNet features + LogisticRegression on data/sam3_orientation; side is a bbox-aspect heuristic,0.9958,user_field_note_blue_cooler_all_male; no sex classifier found in repo,not_estimated,best_vit_regressor.joblib_on_yolo_primary_crop,models/fathomnet_mvp_yolov8_1280_20240914.pt,1,1,0.4737,0.71938,1.005
2026-05-29,blue_cooler,2026-05-29_blue_cooler_IMG_2853,local:data/raw/Green Crab AI 2026,IMG_2853.jpeg,Grace Welles; Gabriela Bradt,unknown,close_under_6in,shade,hand,1,partially_cut_off,none,male,unknown,,,14.872,intermolt,high,unknown,,,View angle is provisional; repo has no side-view classifier.,new,orientation_classifier_low_confidence_or_uncertain,ViT-B/16 ImageNet features + LogisticRegression on data/sam3_orientation; side is a bbox-aspect heuristic,0.9223,user_field_note_blue_cooler_all_male; no sex classifier found in repo,not_estimated,best_vit_regressor.joblib_on_yolo_primary_crop,models/fathomnet_mvp_yolov8_1280_20240914.pt,1,1,0.5347,0.72362,1.0
2026-05-29,blue_cooler,2026-05-29_blue_cooler_IMG_2854,local:data/raw/Green Crab AI 2026,IMG_2854.jpeg,Grace Welles; Gabriela Bradt,unknown,unknown,shade,hand,partial,unknown,none,male,unknown,,,,unknown,low,unknown,,,No filtered YOLO crab detection; molt estimate not run. View angle is provisional; repo has no side-view classifier.,new,orientation_classifier_low_confidence_or_uncertain,ViT-B/16 ImageNet features + LogisticRegression on data/sam3_orientation; side is a bbox-aspect heuristic,0.9678,user_field_note_blue_cooler_all_male; no sex classifier found in repo,not_estimated,not_run_no_filtered_yolo_detection,models/fathomnet_mvp_yolov8_1280_20240914.pt,0,0,,,
2026-05-29,blue_cooler,2026-05-29_blue_cooler_IMG_2855,local:data/raw/Green Crab AI 2026,IMG_2855.jpeg,Grace Welles; Gabriela Bradt,unknown,unknown,shade,hand,partial,unknown,none,male,unknown,,,,unknown,low,unknown,,,No filtered YOLO crab detection; molt estimate not run. View angle is provisional; repo has no side-view classifier.,new,orientation_classifier_low_confidence_or_uncertain,ViT-B/16 ImageNet features + LogisticRegression on data/sam3_orientation; side is a bbox-aspect heuristic,0.9763,user_field_note_blue_cooler_all_male; no sex classifier found in repo,not_estimated,not_run_no_filtered_yolo_detection,models/fathomnet_mvp_yolov8_1280_20240914.pt,0,0,,,
2026-05-29,blue_cooler,2026-05-29_blue_cooler_IMG_2857,local:data/raw/Green Crab AI 2026,IMG_2857.jpeg,Grace Welles; Gabriela Bradt,unknown,unknown,mixed,hand,partial,unknown,none,male,unknown,,,,unknown,low,unknown,,,No filtered YOLO crab detection; molt estimate not run. View angle is provisional; repo has no side-view classifier.,new,orientation_classifier_low_confidence_or_uncertain,ViT-B/16 ImageNet features + LogisticRegression on data/sam3_orientation; side is a bbox-aspect heuristic,0.4758,user_field_note_blue_cooler_all_male; no sex classifier found in repo,not_estimated,not_run_no_filtered_yolo_detection,models/fathomnet_mvp_yolov8_1280_20240914.pt,1,0,,,
2026-05-29,blue_cooler,2026-05-29_blue_cooler_IMG_2858,local:data/raw/Green Crab AI 2026,IMG_2858.jpeg,Grace Welles; Gabriela Bradt,unknown,unknown,shade,hand,partial,unknown,none,male,unknown,,,,unknown,low,unknown,,,No filtered YOLO crab detection; molt estimate not run. View angle is provisional; repo has no side-view classifier.,new,orientation_classifier_low_confidence_or_uncertain,ViT-B/16 ImageNet features + LogisticRegression on data/sam3_orientation; side is a bbox-aspect heuristic,0.9839,user_field_note_blue_cooler_all_male; no sex classifier found in repo,not_estimated,not_run_no_filtered_yolo_detection,models/fathomnet_mvp_yolov8_1280_20240914.pt,0,0,,,
2026-05-29,blue_cooler,2026-05-29_blue_cooler_IMG_2859,local:data/raw/Green Crab AI 2026,IMG_2859.jpeg,Grace Welles; Gabriela Bradt,ventral,close_under_6in,shade,hand,1,partially_cut_off,none,male,unknown,,,6.314,pre_molt,high,unknown,,,,new,vit_logistic_regression_trained_on_data_sam3_orientation,ViT-B/16 ImageNet features + LogisticRegression on data/sam3_orientation; side is a bbox-aspect heuristic,0.6269,user_field_note_blue_cooler_all_male; no sex classifier found in repo,not_estimated,best_vit_regressor.joblib_on_yolo_primary_crop,models/fathomnet_mvp_yolov8_1280_20240914.pt,1,1,0.3026,0.69393,1.043
2026-05-29,blue_cooler,2026-05-29_blue_cooler_IMG_2860,local:data/raw/Green Crab AI 2026,IMG_2860.jpeg,Grace Welles; Gabriela Bradt,unknown,close_under_6in,shade,hand,1,partially_cut_off,none,male,unknown,,,5.369,pre_molt,high,unknown,,,View angle is provisional; repo has no side-view classifier.,new,orientation_classifier_low_confidence_or_uncertain,ViT-B/16 ImageNet features + LogisticRegression on data/sam3_orientation; side is a bbox-aspect heuristic,0.9978,user_field_note_blue_cooler_all_male; no sex classifier found in repo,not_estimated,best_vit_regressor.joblib_on_yolo_primary_crop,models/fathomnet_mvp_yolov8_1280_20240914.pt,1,1,0.3205,0.69135,1.046
2026-05-29,blue_cooler,2026-05-29_blue_cooler_IMG_2861,local:data/raw/Green Crab AI 2026,IMG_2861.jpeg,Grace Welles; Gabriela Bradt,unknown,unknown,shade,hand,partial,unknown,none,male,unknown,,,,unknown,low,unknown,,,No filtered YOLO crab detection; molt estimate not run. View angle is provisional; repo has no side-view classifier.,new,orientation_classifier_low_confidence_or_uncertain,ViT-B/16 ImageNet features + LogisticRegression on data/sam3_orientation; side is a bbox-aspect heuristic,0.9338,user_field_note_blue_cooler_all_male; no sex classifier found in repo,not_estimated,not_run_no_filtered_yolo_detection,models/fathomnet_mvp_yolov8_1280_20240914.pt,0,0,,,
2026-05-29,blue_cooler,2026-05-29_blue_cooler_IMG_2862,local:data/raw/Green Crab AI 2026,IMG_2862.jpeg,Grace Welles; Gabriela Bradt,unknown,unknown,shade,hand,partial,unknown,none,male,unknown,,,,unknown,low,unknown,,,No filtered YOLO crab detection; molt estimate not run. View angle is provisional; repo has no side-view classifier.,new,orientation_classifier_low_confidence_or_uncertain,ViT-B/16 ImageNet features + LogisticRegression on data/sam3_orientation; side is a bbox-aspect heuristic,0.9975,user_field_note_blue_cooler_all_male; no sex classifier found in repo,not_estimated,not_run_no_filtered_yolo_detection,models/fathomnet_mvp_yolov8_1280_20240914.pt,0,0,,,
2026-05-29,blue_cooler,2026-05-29_blue_cooler_IMG_2863,local:data/raw/Green Crab AI 2026,IMG_2863.jpeg,Grace Welles; Gabriela Bradt,unknown,unknown,mixed,hand,partial,unknown,none,male,unknown,,,,unknown,low,unknown,,,No filtered YOLO crab detection; molt estimate not run. View angle is provisional; repo has no side-view classifier.,new,orientation_classifier_low_confidence_or_uncertain,ViT-B/16 ImageNet features + LogisticRegression on data/sam3_orientation; side is a bbox-aspect heuristic,0.9996,user_field_note_blue_cooler_all_male; no sex classifier found in repo,not_estimated,not_run_no_filtered_yolo_detection,models/fathomnet_mvp_yolov8_1280_20240914.pt,0,0,,,
2026-05-29,blue_cooler,2026-05-29_blue_cooler_IMG_2864,local:data/raw/Green Crab AI 2026,IMG_2864.jpeg,Grace Welles; Gabriela Bradt,unknown,unknown,shade,hand,partial,unknown,none,male,unknown,,,,unknown,low,unknown,,,No filtered YOLO crab detection; molt estimate not run. View angle is provisional; repo has no side-view classifier.,new,orientation_classifier_low_confidence_or_uncertain,ViT-B/16 ImageNet features + LogisticRegression on data/sam3_orientation; side is a bbox-aspect heuristic,0.9993,user_field_note_blue_cooler_all_male; no sex classifier found in repo,not_estimated,not_run_no_filtered_yolo_detection,models/fathomnet_mvp_yolov8_1280_20240914.pt,0,0,,,
2026-05-29,blue_cooler,2026-05-29_blue_cooler_IMG_2865,local:data/raw/Green Crab AI 2026,IMG_2865.jpeg,Grace Welles; Gabriela Bradt,unknown,unknown,shade,hand,partial,unknown,none,male,unknown,,,,unknown,low,unknown,,,No filtered YOLO crab detection; molt estimate not run. View angle is provisional; repo has no side-view classifier.,new,orientation_classifier_low_confidence_or_uncertain,ViT-B/16 ImageNet features + LogisticRegression on data/sam3_orientation; side is a bbox-aspect heuristic,0.6468,user_field_note_blue_cooler_all_male; no sex classifier found in repo,not_estimated,not_run_no_filtered_yolo_detection,models/fathomnet_mvp_yolov8_1280_20240914.pt,1,0,,,
2026-05-29,blue_cooler,2026-05-29_blue_cooler_IMG_2866,local:data/raw/Green Crab AI 2026,IMG_2866.jpeg,Grace Welles; Gabriela Bradt,unknown,close_under_6in,shade,hand,1,partially_cut_off,none,male,unknown,,,14.67,intermolt,high,unknown,,,View angle is provisional; repo has no side-view classifier.,new,orientation_classifier_low_confidence_or_uncertain,ViT-B/16 ImageNet features + LogisticRegression on data/sam3_orientation; side is a bbox-aspect heuristic,0.8942,user_field_note_blue_cooler_all_male; no sex classifier found in repo,not_estimated,best_vit_regressor.joblib_on_yolo_primary_crop,models/fathomnet_mvp_yolov8_1280_20240914.pt,1,1,0.5453,0.45815,0.672
2026-05-29,blue_cooler,2026-05-29_blue_cooler_IMG_2867,local:data/raw/Green Crab AI 2026,IMG_2867.jpeg,Grace Welles; Gabriela Bradt,unknown,close_under_6in,shade,hand,1,partially_cut_off,none,male,unknown,,,10.481,pre_molt,high,unknown,,,View angle is provisional; repo has no side-view classifier.,new,orientation_classifier_low_confidence_or_uncertain,ViT-B/16 ImageNet features + LogisticRegression on data/sam3_orientation; side is a bbox-aspect heuristic,0.7616,user_field_note_blue_cooler_all_male; no sex classifier found in repo,not_estimated,best_vit_regressor.joblib_on_yolo_primary_crop,models/fathomnet_mvp_yolov8_1280_20240914.pt,1,1,0.4703,0.47488,0.682
